started,age,gender,residence_country,education,education_other,occupation,occupation_other,income,consent,dq_overall,dq_meaningless,treatment_group,lottery_donation,trust,rp1_living_others,rp2_living_self,rp3_starvation_others,rp4_starvation_self,rp5_financial_aid,rp6_disease_others,rp7_disease_self,cq01_02,cq01_03,cq01_04,cq01_05,cq01_06,cq01_07,cq01_08,cq02,time_sum,quiz_score,treatment_doom,treatment_inevitable
2021-04-16 11:25:02,29.0,2.0,276.0,6.0,,4.0,,9.0,2.0,1.0,1.0,4.0,10.0,5.0,5.0,2.0,4.0,2.0,5.0,3.0,2.0,1.0,1.0,1.0,2.0,1.0,1.0,2.0,1.0,856.0,6,0,0
2021-04-16 11:28:41,25.0,1.0,756.0,5.0,,3.0,,1.0,2.0,1.0,1.0,2.0,5.0,5.0,5.0,4.0,5.0,2.0,5.0,5.0,4.0,1.0,1.0,1.0,2.0,2.0,2.0,2.0,1.0,462.0,6,1,0
2021-04-16 11:32:03,25.0,1.0,276.0,5.0,,3.0,,5.0,2.0,1.0,1.0,3.0,3.0,3.0,5.0,4.0,5.0,3.0,5.0,5.0,4.0,1.0,1.0,1.0,2.0,1.0,2.0,1.0,1.0,303.0,4,0,1
2021-04-16 11:33:08,28.0,2.0,756.0,6.0,,3.0,,11.0,2.0,1.0,1.0,4.0,10.0,5.0,4.0,2.0,4.0,1.0,4.0,3.0,4.0,1.0,1.0,1.0,2.0,2.0,1.0,2.0,1.0,356.0,7,0,0
2021-04-16 11:42:14,26.0,1.0,752.0,5.0,,3.0,,5.0,2.0,1.0,1.0,1.0,0.0,1.0,5.0,3.0,5.0,1.0,4.0,5.0,2.0,1.0,1.0,1.0,2.0,2.0,2.0,2.0,1.0,908.0,6,1,1
2021-04-16 11:42:42,26.0,2.0,752.0,6.0,,3.0,,3.0,2.0,1.0,1.0,1.0,0.0,1.0,5.0,4.0,5.0,4.0,5.0,4.0,4.0,1.0,1.0,1.0,2.0,2.0,1.0,2.0,1.0,400.0,7,1,1
2021-04-16 11:43:03,22.0,1.0,276.0,5.0,,4.0,,6.0,2.0,1.0,2.0,1.0,10.0,4.0,4.0,4.0,5.0,3.0,4.0,5.0,5.0,1.0,1.0,1.0,2.0,1.0,1.0,1.0,1.0,554.0,5,1,1
2021-04-16 11:45:10,26.0,1.0,,5.0,,3.0,,1.0,2.0,1.0,1.0,1.0,10.0,3.0,3.0,2.0,4.0,2.0,5.0,4.0,2.0,1.0,2.0,1.0,2.0,1.0,2.0,2.0,1.0,483.0,4,1,1
2021-04-16 11:59:54,25.0,2.0,276.0,5.0,,3.0,,4.0,2.0,1.0,1.0,2.0,10.0,3.0,5.0,2.0,5.0,2.0,4.0,4.0,2.0,2.0,1.0,1.0,2.0,2.0,1.0,2.0,1.0,414.0,6,1,0
2021-04-16 12:00:11,55.0,1.0,276.0,3.0,,4.0,,11.0,2.0,1.0,1.0,2.0,10.0,2.0,5.0,5.0,5.0,5.0,5.0,5.0,4.0,1.0,1.0,1.0,1.0,1.0,1.0,1.0,1.0,510.0,4,1,0
2021-04-16 12:11:25,23.0,1.0,356.0,5.0,,3.0,,7.0,2.0,1.0,1.0,3.0,,2.0,4.0,4.0,4.0,3.0,4.0,5.0,5.0,1.0,1.0,1.0,1.0,1.0,1.0,1.0,1.0,447.0,4,0,1
2021-04-16 12:11:51,29.0,1.0,826.0,6.0,,4.0,,10.0,2.0,1.0,1.0,3.0,10.0,3.0,5.0,2.0,5.0,2.0,5.0,5.0,2.0,1.0,1.0,1.0,2.0,1.0,2.0,1.0,1.0,284.0,4,0,1
2021-04-16 12:31:43,26.0,1.0,840.0,5.0,,4.0,,12.0,2.0,1.0,1.0,4.0,10.0,5.0,5.0,4.0,5.0,2.0,5.0,5.0,4.0,1.0,1.0,1.0,1.0,1.0,2.0,1.0,1.0,399.0,3,0,0
2021-04-16 12:32:11,23.0,2.0,356.0,5.0,,6.0,,8.0,2.0,1.0,1.0,3.0,8.0,5.0,4.0,3.0,5.0,4.0,4.0,5.0,4.0,1.0,1.0,1.0,2.0,1.0,2.0,2.0,1.0,231.0,5,0,1
2021-04-16 12:32:28,23.0,1.0,356.0,5.0,,3.0,,3.0,2.0,1.0,1.0,3.0,0.0,5.0,4.0,4.0,5.0,5.0,4.0,4.0,4.0,1.0,1.0,1.0,1.0,1.0,2.0,2.0,4.0,274.0,3,0,1
2021-04-16 12:37:09,27.0,,,5.0,,4.0,,12.0,2.0,1.0,1.0,4.0,,4.0,5.0,5.0,5.0,5.0,3.0,5.0,5.0,1.0,1.0,1.0,1.0,1.0,1.0,1.0,3.0,321.0,3,0,0
2021-04-16 12:39:31,18.0,2.0,276.0,1.0,,1.0,,1.0,2.0,1.0,1.0,4.0,0.0,5.0,5.0,4.0,5.0,4.0,5.0,5.0,4.0,1.0,1.0,2.0,2.0,2.0,1.0,2.0,1.0,429.0,8,0,0
2021-04-16 12:42:43,26.0,1.0,752.0,5.0,,2.0,,4.0,2.0,1.0,1.0,2.0,5.0,4.0,5.0,4.0,4.0,1.0,4.0,2.0,2.0,1.0,1.0,2.0,1.0,1.0,1.0,2.0,1.0,451.0,6,1,0
2021-04-16 12:43:40,29.0,2.0,752.0,6.0,,4.0,,10.0,2.0,1.0,1.0,2.0,8.0,5.0,4.0,3.0,5.0,3.0,4.0,3.0,3.0,1.0,1.0,1.0,2.0,2.0,1.0,2.0,1.0,639.0,7,1,0
2021-04-16 12:47:47,25.0,1.0,752.0,5.0,,3.0,,5.0,2.0,1.0,1.0,2.0,10.0,5.0,5.0,3.0,5.0,2.0,5.0,5.0,4.0,1.0,1.0,1.0,1.0,1.0,2.0,2.0,1.0,559.0,4,1,0
2021-04-16 12:49:22,21.0,2.0,356.0,5.0,,3.0,,12.0,2.0,1.0,1.0,2.0,0.0,6.0,2.0,2.0,4.0,2.0,5.0,4.0,3.0,1.0,1.0,1.0,2.0,1.0,1.0,2.0,1.0,536.0,6,1,0
2021-04-16 12:56:33,18.0,2.0,276.0,2.0,,3.0,,1.0,2.0,1.0,2.0,1.0,0.0,1.0,5.0,5.0,5.0,2.0,2.0,4.0,2.0,1.0,1.0,1.0,1.0,1.0,2.0,1.0,1.0,298.0,3,1,1
2021-04-16 13:11:26,30.0,1.0,784.0,6.0,,7.0,,1.0,2.0,1.0,1.0,4.0,10.0,1.0,4.0,1.0,4.0,1.0,5.0,4.0,1.0,1.0,1.0,1.0,1.0,1.0,1.0,2.0,1.0,828.0,5,0,0
2021-04-16 13:25:52,34.0,2.0,756.0,7.0,,5.0,,11.0,2.0,1.0,1.0,1.0,,3.0,5.0,3.0,4.0,3.0,4.0,3.0,3.0,1.0,1.0,1.0,2.0,2.0,1.0,2.0,1.0,357.0,7,1,1
2021-04-16 13:34:26,28.0,2.0,276.0,4.0,,4.0,,10.0,2.0,1.0,1.0,3.0,,3.0,4.0,3.0,2.0,2.0,4.0,5.0,4.0,1.0,1.0,1.0,2.0,1.0,2.0,2.0,1.0,806.0,5,0,1
2021-04-16 13:37:02,25.0,1.0,752.0,6.0,,3.0,,5.0,2.0,1.0,1.0,3.0,2.0,3.0,5.0,5.0,4.0,2.0,3.0,5.0,5.0,1.0,1.0,1.0,2.0,1.0,2.0,2.0,1.0,429.0,5,0,1
2021-04-16 13:39:26,66.0,2.0,276.0,6.0,,6.0,,8.0,2.0,1.0,1.0,2.0,10.0,3.0,4.0,4.0,5.0,2.0,5.0,3.0,4.0,1.0,1.0,1.0,2.0,1.0,2.0,2.0,1.0,825.0,5,1,0
2021-04-16 13:57:34,30.0,2.0,756.0,6.0,,3.0,,11.0,2.0,1.0,1.0,2.0,10.0,2.0,2.0,1.0,3.0,1.0,2.0,3.0,2.0,1.0,2.0,1.0,2.0,2.0,1.0,2.0,1.0,242.0,6,1,0
2021-04-16 14:02:22,30.0,2.0,756.0,6.0,,4.0,,11.0,2.0,1.0,1.0,4.0,2.0,3.0,4.0,4.0,4.0,1.0,4.0,4.0,2.0,2.0,1.0,1.0,2.0,1.0,1.0,2.0,1.0,504.0,5,0,0
2021-04-16 14:08:37,20.0,2.0,380.0,5.0,,3.0,,1.0,2.0,1.0,1.0,1.0,,3.0,4.0,4.0,5.0,2.0,5.0,3.0,2.0,1.0,1.0,1.0,2.0,1.0,2.0,2.0,1.0,318.0,5,1,1
2021-04-16 14:26:01,23.0,1.0,276.0,5.0,,4.0,,3.0,2.0,1.0,1.0,1.0,4.0,5.0,4.0,3.0,4.0,2.0,4.0,3.0,3.0,1.0,1.0,2.0,1.0,2.0,2.0,1.0,1.0,402.0,5,1,1
2021-04-16 14:38:28,27.0,2.0,756.0,6.0,,9.0,PhD student,10.0,2.0,1.0,1.0,3.0,10.0,4.0,5.0,3.0,3.0,1.0,4.0,4.0,3.0,1.0,1.0,1.0,2.0,1.0,1.0,2.0,1.0,294.0,6,0,1
2021-04-16 14:53:19,26.0,1.0,372.0,6.0,,4.0,,9.0,2.0,1.0,1.0,4.0,5.0,3.0,2.0,2.0,4.0,1.0,4.0,3.0,2.0,1.0,1.0,1.0,2.0,1.0,2.0,1.0,1.0,362.0,4,0,0
2021-04-16 14:57:12,67.0,2.0,276.0,7.0,,10.0,,11.0,2.0,1.0,1.0,4.0,10.0,2.0,4.0,4.0,4.0,3.0,5.0,4.0,3.0,1.0,1.0,1.0,2.0,2.0,1.0,2.0,1.0,1006.0,7,0,0
2021-04-16 14:59:54,64.0,1.0,276.0,6.0,,5.0,,7.0,2.0,1.0,1.0,4.0,,4.0,4.0,4.0,5.0,3.0,4.0,4.0,3.0,1.0,1.0,1.0,2.0,1.0,2.0,2.0,1.0,660.0,5,0,0
2021-04-16 15:16:35,23.0,1.0,356.0,6.0,,1.0,,1.0,2.0,1.0,1.0,1.0,5.0,3.0,4.0,2.0,5.0,5.0,5.0,5.0,5.0,1.0,1.0,1.0,1.0,1.0,2.0,2.0,1.0,290.0,4,1,1
2021-04-16 15:25:58,57.0,2.0,276.0,4.0,,6.0,,12.0,2.0,1.0,1.0,2.0,8.0,3.0,4.0,4.0,4.0,2.0,4.0,4.0,4.0,1.0,1.0,1.0,2.0,2.0,2.0,1.0,1.0,264.0,5,1,0
2021-04-16 15:30:19,28.0,1.0,,6.0,,4.0,,4.0,2.0,1.0,1.0,3.0,2.0,2.0,3.0,3.0,4.0,4.0,3.0,4.0,3.0,2.0,1.0,2.0,2.0,2.0,2.0,1.0,1.0,502.0,5,0,1
2021-04-16 15:41:15,21.0,2.0,276.0,4.0,,3.0,,1.0,2.0,1.0,1.0,1.0,9.0,3.0,4.0,2.0,5.0,3.0,4.0,5.0,5.0,1.0,2.0,1.0,2.0,1.0,1.0,1.0,1.0,527.0,4,1,1
2021-04-16 16:29:32,66.0,2.0,276.0,4.0,,8.0,,,2.0,1.0,1.0,3.0,10.0,3.0,5.0,5.0,5.0,5.0,2.0,5.0,2.0,1.0,1.0,1.0,2.0,1.0,1.0,1.0,1.0,606.0,5,0,1
2021-04-16 16:30:28,64.0,2.0,276.0,2.0,,10.0,,7.0,2.0,1.0,1.0,2.0,10.0,7.0,5.0,4.0,5.0,4.0,5.0,5.0,5.0,1.0,1.0,1.0,1.0,2.0,1.0,1.0,1.0,938.0,5,1,0
2021-04-16 16:35:50,53.0,1.0,276.0,4.0,,4.0,,7.0,2.0,1.0,1.0,2.0,,3.0,5.0,5.0,5.0,2.0,4.0,4.0,3.0,1.0,1.0,1.0,2.0,2.0,2.0,1.0,1.0,614.0,5,1,0
2021-04-16 16:36:44,33.0,2.0,276.0,7.0,,4.0,,11.0,2.0,1.0,1.0,2.0,,4.0,4.0,4.0,4.0,2.0,4.0,4.0,3.0,1.0,1.0,1.0,1.0,1.0,1.0,1.0,1.0,412.0,4,1,0
2021-04-16 16:39:42,62.0,2.0,276.0,5.0,,10.0,,9.0,2.0,1.0,1.0,2.0,10.0,5.0,5.0,3.0,5.0,3.0,5.0,4.0,3.0,1.0,1.0,1.0,2.0,1.0,1.0,1.0,1.0,874.0,5,1,0
2021-04-16 17:02:42,83.0,1.0,276.0,3.0,,10.0,,6.0,2.0,1.0,1.0,1.0,10.0,6.0,5.0,3.0,4.0,3.0,4.0,3.0,4.0,1.0,1.0,2.0,2.0,2.0,1.0,2.0,1.0,327.0,8,1,1
2021-04-16 17:41:19,61.0,2.0,276.0,5.0,,4.0,,11.0,2.0,1.0,1.0,3.0,,4.0,4.0,4.0,5.0,4.0,5.0,4.0,4.0,1.0,1.0,1.0,2.0,2.0,2.0,2.0,1.0,545.0,6,0,1
2021-04-16 17:42:10,23.0,2.0,276.0,5.0,,3.0,,3.0,2.0,1.0,1.0,3.0,10.0,5.0,2.0,4.0,4.0,2.0,4.0,4.0,4.0,1.0,1.0,1.0,2.0,1.0,2.0,2.0,1.0,340.0,5,0,1
2021-04-16 18:28:57,57.0,1.0,276.0,2.0,,1.0,,,2.0,1.0,,4.0,10.0,5.0,5.0,5.0,5.0,5.0,5.0,5.0,5.0,1.0,1.0,1.0,1.0,1.0,1.0,1.0,2.0,250.0,3,0,0
2021-04-16 18:34:11,26.0,1.0,170.0,5.0,,6.0,,7.0,2.0,1.0,1.0,1.0,5.0,5.0,4.0,4.0,4.0,3.0,4.0,4.0,3.0,1.0,1.0,1.0,1.0,1.0,1.0,2.0,1.0,276.0,5,1,1
2021-04-16 18:43:11,24.0,1.0,276.0,5.0,,3.0,,2.0,2.0,1.0,1.0,4.0,5.0,2.0,5.0,4.0,5.0,4.0,4.0,4.0,4.0,2.0,1.0,1.0,2.0,1.0,2.0,2.0,1.0,857.0,4,0,0
2021-04-16 18:45:18,28.0,2.0,276.0,6.0,,4.0,,9.0,2.0,1.0,1.0,4.0,,2.0,4.0,4.0,5.0,2.0,5.0,4.0,4.0,1.0,1.0,1.0,2.0,1.0,2.0,1.0,1.0,693.0,4,0,0
2021-04-16 18:57:29,55.0,1.0,170.0,6.0,,6.0,,5.0,2.0,1.0,1.0,1.0,5.0,6.0,5.0,5.0,5.0,5.0,4.0,5.0,3.0,1.0,1.0,2.0,1.0,2.0,2.0,2.0,1.0,1143.0,6,1,1
2021-04-16 19:00:10,18.0,2.0,380.0,1.0,,1.0,,3.0,2.0,1.0,1.0,3.0,0.0,2.0,4.0,2.0,4.0,2.0,4.0,3.0,2.0,1.0,1.0,1.0,2.0,2.0,2.0,1.0,1.0,687.0,5,0,1
2021-04-16 19:02:28,57.0,2.0,276.0,3.0,,4.0,,11.0,2.0,1.0,1.0,3.0,5.0,3.0,2.0,2.0,4.0,1.0,5.0,3.0,2.0,1.0,1.0,1.0,1.0,1.0,1.0,1.0,3.0,971.0,3,0,1
2021-04-16 19:34:11,26.0,2.0,752.0,6.0,,4.0,,6.0,2.0,1.0,1.0,3.0,0.0,5.0,4.0,4.0,4.0,3.0,3.0,4.0,4.0,1.0,1.0,1.0,2.0,1.0,2.0,1.0,1.0,235.0,4,0,1
2021-04-16 19:36:38,26.0,1.0,276.0,5.0,,3.0,,1.0,2.0,1.0,1.0,3.0,10.0,3.0,4.0,2.0,5.0,2.0,5.0,4.0,4.0,1.0,1.0,1.0,1.0,2.0,2.0,1.0,1.0,534.0,4,0,1
2021-04-16 19:50:31,18.0,2.0,276.0,1.0,,1.0,,3.0,2.0,1.0,1.0,1.0,0.0,5.0,4.0,2.0,4.0,1.0,4.0,2.0,1.0,1.0,1.0,1.0,2.0,1.0,2.0,2.0,1.0,393.0,5,1,1
2021-04-16 20:00:15,26.0,1.0,752.0,5.0,,3.0,,3.0,2.0,1.0,1.0,4.0,10.0,3.0,5.0,2.0,5.0,2.0,5.0,5.0,5.0,1.0,1.0,1.0,1.0,2.0,2.0,2.0,1.0,491.0,5,0,0
2021-04-16 20:10:20,24.0,2.0,356.0,5.0,,6.0,,3.0,2.0,1.0,1.0,4.0,1.0,5.0,4.0,4.0,5.0,4.0,5.0,5.0,3.0,2.0,1.0,2.0,2.0,1.0,2.0,1.0,1.0,341.0,4,0,0
2021-04-16 21:01:43,27.0,1.0,40.0,6.0,,4.0,,6.0,2.0,1.0,1.0,1.0,10.0,5.0,5.0,3.0,4.0,2.0,3.0,5.0,5.0,1.0,1.0,1.0,2.0,2.0,1.0,1.0,1.0,433.0,6,1,1
2021-04-16 21:26:45,24.0,1.0,688.0,5.0,,3.0,,5.0,2.0,1.0,1.0,2.0,0.0,2.0,5.0,3.0,5.0,3.0,5.0,5.0,1.0,1.0,1.0,1.0,2.0,1.0,2.0,1.0,1.0,263.0,4,1,0
2021-04-16 22:40:27,35.0,2.0,276.0,6.0,,4.0,,8.0,2.0,1.0,1.0,4.0,8.0,5.0,5.0,3.0,5.0,2.0,5.0,4.0,3.0,1.0,1.0,1.0,2.0,1.0,1.0,2.0,1.0,362.0,6,0,0
2021-04-17 00:12:48,23.0,1.0,784.0,5.0,,9.0,,4.0,2.0,1.0,1.0,2.0,8.0,3.0,4.0,1.0,4.0,5.0,5.0,4.0,4.0,1.0,1.0,1.0,2.0,1.0,2.0,2.0,1.0,573.0,5,1,0
2021-04-17 05:05:34,24.0,2.0,356.0,5.0,,6.0,,,2.0,1.0,1.0,1.0,4.0,5.0,3.0,4.0,4.0,5.0,4.0,4.0,4.0,2.0,1.0,1.0,1.0,1.0,2.0,2.0,1.0,441.0,3,1,1
2021-04-17 09:50:00,24.0,1.0,276.0,5.0,,3.0,,3.0,2.0,1.0,1.0,3.0,5.0,6.0,5.0,3.0,5.0,2.0,5.0,5.0,4.0,1.0,1.0,1.0,2.0,2.0,1.0,2.0,1.0,826.0,7,0,1
2021-04-17 10:38:58,29.0,1.0,276.0,6.0,,4.0,,7.0,2.0,1.0,1.0,2.0,5.0,6.0,4.0,2.0,4.0,2.0,5.0,5.0,2.0,1.0,1.0,1.0,1.0,2.0,2.0,2.0,1.0,785.0,5,1,0
2021-04-17 10:49:51,68.0,2.0,276.0,6.0,,10.0,,8.0,2.0,1.0,1.0,1.0,10.0,5.0,5.0,4.0,4.0,3.0,5.0,4.0,4.0,1.0,1.0,1.0,2.0,1.0,2.0,2.0,1.0,931.0,5,1,1
2021-04-17 10:50:24,62.0,1.0,276.0,4.0,,10.0,,12.0,2.0,1.0,1.0,4.0,,1.0,3.0,3.0,3.0,3.0,3.0,3.0,3.0,1.0,1.0,1.0,1.0,1.0,2.0,1.0,1.0,905.0,3,0,0
2021-04-17 10:55:04,21.0,1.0,643.0,5.0,,3.0,,1.0,2.0,1.0,1.0,1.0,8.0,3.0,4.0,4.0,5.0,4.0,5.0,5.0,4.0,1.0,1.0,1.0,2.0,1.0,1.0,1.0,1.0,374.0,5,1,1
2021-04-17 11:14:47,29.0,1.0,752.0,5.0,,3.0,,3.0,2.0,1.0,1.0,4.0,,7.0,2.0,2.0,3.0,2.0,4.0,2.0,2.0,1.0,1.0,2.0,1.0,1.0,2.0,1.0,1.0,202.0,4,0,0
2021-04-17 12:23:08,50.0,1.0,276.0,3.0,,4.0,,12.0,2.0,1.0,1.0,2.0,10.0,3.0,4.0,4.0,4.0,5.0,4.0,3.0,1.0,1.0,1.0,1.0,1.0,1.0,2.0,1.0,4.0,1025.0,2,1,0
2021-04-17 12:44:43,28.0,1.0,752.0,6.0,,3.0,,1.0,2.0,1.0,1.0,3.0,10.0,3.0,5.0,4.0,5.0,4.0,5.0,5.0,4.0,1.0,1.0,1.0,2.0,2.0,2.0,2.0,1.0,190.0,6,0,1
2021-04-17 13:30:58,19.0,2.0,276.0,4.0,,3.0,,2.0,2.0,1.0,1.0,1.0,10.0,2.0,5.0,3.0,5.0,3.0,4.0,4.0,3.0,1.0,1.0,1.0,2.0,2.0,1.0,2.0,1.0,734.0,7,1,1
2021-04-17 16:51:30,28.0,2.0,276.0,6.0,,4.0,,12.0,2.0,1.0,1.0,3.0,10.0,4.0,5.0,2.0,5.0,2.0,5.0,5.0,4.0,1.0,1.0,1.0,2.0,1.0,2.0,2.0,1.0,886.0,5,0,1
2021-04-17 17:33:58,24.0,2.0,840.0,5.0,,4.0,,12.0,2.0,1.0,1.0,2.0,0.0,5.0,4.0,4.0,4.0,1.0,3.0,4.0,2.0,1.0,1.0,1.0,2.0,1.0,1.0,2.0,1.0,231.0,6,1,0
2021-04-17 17:37:10,21.0,1.0,826.0,4.0,,3.0,,,2.0,1.0,1.0,2.0,7.0,3.0,4.0,4.0,4.0,4.0,4.0,4.0,4.0,2.0,1.0,1.0,2.0,1.0,2.0,1.0,2.0,156.0,2,1,0
2021-04-17 17:50:39,22.0,2.0,484.0,5.0,,1.0,,1.0,2.0,1.0,1.0,4.0,0.0,1.0,4.0,4.0,5.0,2.0,5.0,5.0,5.0,1.0,1.0,1.0,2.0,1.0,2.0,2.0,1.0,515.0,5,0,0
2021-04-17 19:22:14,19.0,2.0,276.0,1.0,,1.0,,3.0,2.0,1.0,1.0,1.0,0.0,5.0,4.0,2.0,4.0,2.0,5.0,4.0,2.0,1.0,1.0,1.0,1.0,2.0,2.0,1.0,1.0,326.0,4,1,1
2021-04-17 19:24:22,27.0,2.0,528.0,5.0,,3.0,,5.0,2.0,1.0,1.0,3.0,10.0,5.0,5.0,5.0,5.0,4.0,5.0,5.0,4.0,1.0,1.0,1.0,2.0,1.0,2.0,2.0,1.0,329.0,5,0,1
2021-04-17 20:58:51,22.0,2.0,276.0,5.0,,3.0,,6.0,2.0,1.0,1.0,4.0,10.0,2.0,4.0,2.0,5.0,2.0,4.0,5.0,4.0,1.0,1.0,1.0,2.0,2.0,1.0,1.0,1.0,229.0,6,0,0
2021-04-17 21:08:10,20.0,1.0,840.0,1.0,,3.0,,1.0,2.0,1.0,1.0,3.0,,2.0,5.0,2.0,4.0,2.0,4.0,4.0,2.0,1.0,1.0,1.0,2.0,2.0,2.0,2.0,1.0,524.0,6,0,1
2021-04-18 00:06:21,,,,,,,,,2.0,,,4.0,2.0,5.0,4.0,4.0,4.0,4.0,1.0,3.0,3.0,,,,,,,,1.0,858.0,1,0,0
2021-04-18 10:00:44,52.0,1.0,276.0,8.0,C,4.0,,,2.0,1.0,2.0,1.0,,5.0,3.0,3.0,4.0,4.0,3.0,2.0,3.0,1.0,2.0,1.0,1.0,2.0,2.0,1.0,2.0,810.0,2,1,1
2021-04-18 10:37:29,61.0,2.0,276.0,7.0,,6.0,,11.0,2.0,1.0,1.0,2.0,10.0,2.0,4.0,4.0,5.0,1.0,4.0,3.0,3.0,1.0,1.0,1.0,2.0,2.0,2.0,2.0,1.0,781.0,6,1,0
2021-04-18 10:49:39,56.0,2.0,276.0,6.0,,4.0,,,2.0,1.0,2.0,2.0,10.0,1.0,4.0,4.0,4.0,3.0,5.0,4.0,3.0,1.0,1.0,1.0,1.0,1.0,2.0,1.0,1.0,413.0,3,1,0
2021-04-18 13:04:48,59.0,1.0,276.0,6.0,,4.0,,12.0,2.0,1.0,1.0,1.0,0.0,2.0,5.0,5.0,4.0,4.0,4.0,4.0,4.0,1.0,1.0,1.0,1.0,1.0,1.0,1.0,1.0,197.0,4,1,1
2021-04-18 13:07:25,28.0,2.0,528.0,5.0,,3.0,,5.0,2.0,1.0,1.0,4.0,9.0,6.0,4.0,5.0,2.0,1.0,3.0,2.0,2.0,1.0,1.0,1.0,2.0,2.0,2.0,2.0,1.0,386.0,6,0,0
2021-04-18 13:57:51,23.0,2.0,752.0,5.0,,3.0,,1.0,2.0,1.0,1.0,3.0,,3.0,3.0,2.0,3.0,1.0,4.0,2.0,3.0,1.0,2.0,1.0,2.0,2.0,1.0,2.0,1.0,375.0,6,0,1
2021-04-18 14:19:56,59.0,1.0,276.0,6.0,,4.0,,6.0,2.0,1.0,1.0,2.0,10.0,4.0,5.0,5.0,5.0,2.0,5.0,5.0,2.0,1.0,1.0,1.0,2.0,2.0,2.0,2.0,1.0,783.0,6,1,0
2021-04-18 14:27:06,64.0,2.0,276.0,6.0,,4.0,,11.0,2.0,1.0,1.0,1.0,10.0,3.0,4.0,3.0,4.0,3.0,4.0,4.0,3.0,1.0,1.0,1.0,1.0,1.0,1.0,2.0,1.0,499.0,5,1,1
2021-04-18 15:20:03,26.0,1.0,840.0,6.0,,4.0,,8.0,2.0,1.0,1.0,3.0,10.0,4.0,5.0,4.0,5.0,3.0,4.0,5.0,5.0,1.0,1.0,1.0,2.0,1.0,2.0,1.0,1.0,269.0,4,0,1
2021-04-18 15:30:07,26.0,1.0,840.0,5.0,,3.0,,8.0,2.0,1.0,1.0,4.0,10.0,5.0,4.0,4.0,4.0,3.0,5.0,4.0,4.0,1.0,1.0,1.0,1.0,1.0,1.0,1.0,1.0,409.0,4,0,0
2021-04-18 15:31:34,26.0,1.0,840.0,5.0,,4.0,,8.0,2.0,1.0,1.0,4.0,7.0,3.0,5.0,5.0,4.0,3.0,3.0,5.0,5.0,1.0,1.0,1.0,1.0,1.0,1.0,1.0,1.0,217.0,4,0,0
2021-04-18 15:35:45,21.0,1.0,840.0,1.0,,3.0,,3.0,2.0,1.0,1.0,4.0,10.0,5.0,4.0,3.0,4.0,4.0,3.0,4.0,4.0,1.0,1.0,1.0,1.0,1.0,2.0,1.0,1.0,382.0,3,0,0
2021-04-18 15:41:07,55.0,1.0,840.0,6.0,,4.0,,6.0,2.0,1.0,1.0,3.0,10.0,2.0,4.0,3.0,4.0,3.0,4.0,4.0,4.0,1.0,1.0,1.0,2.0,2.0,2.0,2.0,1.0,637.0,6,0,1
2021-04-18 15:44:28,26.0,1.0,840.0,5.0,,4.0,,12.0,2.0,1.0,1.0,1.0,10.0,5.0,4.0,3.0,4.0,3.0,4.0,4.0,3.0,1.0,1.0,1.0,1.0,1.0,2.0,1.0,1.0,254.0,3,1,1
2021-04-18 15:59:05,26.0,1.0,840.0,5.0,,4.0,,12.0,2.0,1.0,1.0,2.0,10.0,5.0,3.0,2.0,4.0,2.0,4.0,4.0,2.0,1.0,2.0,2.0,1.0,1.0,1.0,1.0,1.0,361.0,4,1,0
2021-04-18 16:00:39,26.0,2.0,840.0,5.0,,4.0,,12.0,2.0,1.0,1.0,2.0,,5.0,5.0,5.0,4.0,4.0,5.0,5.0,4.0,1.0,1.0,1.0,2.0,1.0,2.0,2.0,1.0,437.0,5,1,0
2021-04-18 16:07:29,24.0,2.0,840.0,5.0,,4.0,,7.0,2.0,1.0,1.0,1.0,10.0,5.0,2.0,1.0,4.0,1.0,4.0,1.0,1.0,1.0,1.0,2.0,1.0,1.0,1.0,2.0,1.0,396.0,6,1,1
2021-04-18 16:08:51,26.0,2.0,840.0,2.0,,5.0,,12.0,2.0,1.0,1.0,1.0,,3.0,4.0,3.0,4.0,3.0,4.0,3.0,2.0,1.0,1.0,1.0,2.0,1.0,2.0,1.0,1.0,403.0,4,1,1
2021-04-18 16:18:40,23.0,1.0,840.0,1.0,,3.0,,1.0,2.0,1.0,2.0,3.0,10.0,5.0,2.0,2.0,3.0,3.0,2.0,3.0,3.0,1.0,1.0,1.0,1.0,1.0,1.0,1.0,1.0,157.0,4,0,1
2021-04-18 16:20:26,56.0,1.0,276.0,3.0,,4.0,,8.0,2.0,1.0,1.0,3.0,,4.0,4.0,4.0,4.0,4.0,4.0,4.0,4.0,1.0,1.0,1.0,2.0,1.0,2.0,1.0,1.0,703.0,4,0,1
2021-04-18 16:22:31,27.0,1.0,840.0,2.0,,9.0,,12.0,2.0,1.0,1.0,2.0,10.0,1.0,5.0,4.0,5.0,4.0,3.0,4.0,3.0,1.0,2.0,1.0,2.0,1.0,2.0,1.0,1.0,234.0,3,1,0
2021-04-18 16:27:48,23.0,2.0,840.0,6.0,,4.0,,12.0,2.0,1.0,1.0,3.0,10.0,3.0,4.0,3.0,3.0,3.0,4.0,2.0,2.0,1.0,1.0,1.0,2.0,2.0,1.0,1.0,1.0,242.0,6,0,1
2021-04-18 16:29:04,24.0,1.0,840.0,5.0,,4.0,,12.0,2.0,1.0,1.0,3.0,10.0,3.0,2.0,2.0,4.0,2.0,4.0,2.0,3.0,1.0,1.0,2.0,2.0,1.0,2.0,1.0,1.0,489.0,5,0,1
2021-04-18 16:36:19,26.0,2.0,840.0,5.0,,4.0,,11.0,2.0,1.0,1.0,4.0,,1.0,4.0,2.0,4.0,2.0,2.0,2.0,2.0,1.0,1.0,1.0,2.0,1.0,1.0,2.0,1.0,371.0,6,0,0
2021-04-18 16:36:23,25.0,1.0,840.0,6.0,,9.0,Speech pathologist ,12.0,2.0,1.0,1.0,4.0,10.0,6.0,4.0,4.0,4.0,4.0,4.0,4.0,4.0,2.0,1.0,1.0,2.0,2.0,1.0,2.0,1.0,137.0,6,0,0
2021-04-18 16:58:16,22.0,1.0,840.0,5.0,,4.0,,7.0,2.0,1.0,1.0,1.0,10.0,5.0,4.0,4.0,5.0,4.0,4.0,4.0,4.0,1.0,2.0,1.0,2.0,1.0,1.0,1.0,1.0,354.0,4,1,1
2021-04-18 16:58:36,26.0,1.0,840.0,5.0,,4.0,,7.0,2.0,1.0,2.0,1.0,,5.0,5.0,4.0,5.0,2.0,4.0,5.0,2.0,1.0,1.0,1.0,1.0,1.0,2.0,1.0,1.0,175.0,3,1,1
2021-04-18 17:14:58,61.0,1.0,528.0,6.0,,9.0,Teacher primary school,6.0,2.0,1.0,1.0,2.0,,5.0,5.0,5.0,4.0,3.0,5.0,4.0,4.0,1.0,1.0,1.0,2.0,1.0,2.0,2.0,1.0,1473.0,5,1,0
2021-04-18 17:20:08,30.0,1.0,276.0,6.0,,6.0,,7.0,2.0,1.0,3.0,2.0,10.0,5.0,5.0,4.0,5.0,4.0,5.0,5.0,5.0,1.0,1.0,1.0,1.0,1.0,2.0,2.0,1.0,688.0,4,1,0
2021-04-18 17:31:14,25.0,1.0,840.0,5.0,,4.0,,6.0,2.0,1.0,1.0,2.0,10.0,4.0,5.0,3.0,4.0,3.0,4.0,4.0,3.0,1.0,1.0,1.0,1.0,1.0,1.0,1.0,1.0,396.0,4,1,0
2021-04-18 17:39:08,26.0,1.0,840.0,5.0,,5.0,,6.0,2.0,1.0,1.0,4.0,,5.0,4.0,4.0,4.0,2.0,3.0,5.0,4.0,1.0,1.0,1.0,2.0,1.0,1.0,1.0,1.0,141.0,5,0,0
2021-04-18 17:47:22,28.0,2.0,528.0,6.0,,4.0,,7.0,2.0,1.0,2.0,3.0,,1.0,4.0,3.0,4.0,2.0,5.0,4.0,4.0,1.0,1.0,1.0,2.0,1.0,2.0,1.0,1.0,282.0,4,0,1
2021-04-18 20:00:00,26.0,2.0,840.0,5.0,,4.0,,10.0,2.0,1.0,1.0,4.0,10.0,3.0,4.0,2.0,4.0,2.0,4.0,4.0,4.0,1.0,1.0,1.0,2.0,2.0,2.0,1.0,1.0,419.0,5,0,0
2021-04-18 21:19:53,25.0,2.0,276.0,5.0,,6.0,,9.0,2.0,1.0,1.0,1.0,10.0,7.0,5.0,5.0,5.0,4.0,5.0,5.0,5.0,2.0,1.0,1.0,2.0,1.0,1.0,1.0,4.0,588.0,3,1,1
2021-04-18 21:50:42,66.0,2.0,276.0,,,10.0,,12.0,2.0,1.0,1.0,2.0,10.0,6.0,4.0,4.0,5.0,4.0,4.0,4.0,4.0,1.0,1.0,1.0,2.0,1.0,1.0,2.0,1.0,455.0,6,1,0
2021-04-18 21:55:41,54.0,1.0,276.0,4.0,,4.0,,9.0,2.0,1.0,1.0,3.0,,6.0,2.0,2.0,4.0,4.0,4.0,4.0,4.0,1.0,1.0,1.0,1.0,1.0,1.0,1.0,1.0,521.0,4,0,1
2021-04-18 22:12:47,54.0,2.0,276.0,5.0,,6.0,,8.0,2.0,1.0,2.0,4.0,,2.0,5.0,4.0,4.0,4.0,5.0,4.0,3.0,1.0,1.0,1.0,1.0,1.0,1.0,1.0,1.0,356.0,4,0,0
2021-04-18 23:35:33,28.0,1.0,276.0,5.0,,6.0,,5.0,2.0,1.0,1.0,1.0,,5.0,4.0,4.0,4.0,4.0,4.0,4.0,4.0,1.0,1.0,1.0,2.0,1.0,2.0,1.0,1.0,374.0,4,1,1
2021-04-19 03:29:52,53.0,2.0,840.0,6.0,,5.0,,10.0,2.0,1.0,1.0,3.0,,5.0,5.0,2.0,4.0,2.0,4.0,4.0,2.0,1.0,1.0,1.0,2.0,1.0,2.0,1.0,1.0,470.0,4,0,1
2021-04-19 05:20:11,35.0,2.0,356.0,6.0,,4.0,,12.0,2.0,1.0,2.0,2.0,,5.0,2.0,3.0,5.0,5.0,4.0,5.0,5.0,1.0,1.0,1.0,2.0,1.0,2.0,1.0,2.0,513.0,3,1,0
2021-04-19 09:01:04,26.0,2.0,756.0,1.0,,3.0,,5.0,2.0,1.0,1.0,4.0,3.0,4.0,2.0,1.0,4.0,5.0,5.0,5.0,5.0,1.0,1.0,1.0,1.0,1.0,1.0,1.0,1.0,351.0,4,0,0
2021-04-19 12:58:18,42.0,2.0,276.0,7.0,,4.0,,11.0,2.0,1.0,1.0,4.0,4.0,3.0,4.0,4.0,5.0,2.0,3.0,4.0,4.0,1.0,1.0,1.0,2.0,2.0,1.0,2.0,1.0,503.0,7,0,0
2021-04-19 14:09:03,53.0,1.0,276.0,6.0,,4.0,,9.0,2.0,1.0,1.0,1.0,10.0,4.0,4.0,4.0,5.0,2.0,4.0,5.0,3.0,1.0,1.0,1.0,2.0,1.0,2.0,2.0,1.0,479.0,5,1,1
2021-04-19 14:51:38,25.0,1.0,752.0,5.0,,3.0,,1.0,2.0,1.0,1.0,3.0,10.0,5.0,4.0,1.0,4.0,1.0,5.0,3.0,1.0,1.0,1.0,1.0,2.0,1.0,2.0,1.0,1.0,418.0,4,0,1
2021-04-19 15:13:34,61.0,2.0,276.0,4.0,,4.0,,11.0,2.0,1.0,1.0,2.0,,2.0,4.0,4.0,5.0,4.0,4.0,3.0,4.0,1.0,1.0,1.0,2.0,2.0,1.0,2.0,1.0,316.0,7,1,0
2021-04-19 17:13:11,22.0,2.0,528.0,5.0,,3.0,,4.0,2.0,1.0,1.0,2.0,10.0,3.0,5.0,3.0,4.0,2.0,5.0,5.0,4.0,1.0,1.0,2.0,2.0,1.0,1.0,2.0,1.0,354.0,7,1,0
2021-04-19 17:37:35,60.0,,276.0,8.0,And other educations,4.0,,8.0,2.0,1.0,2.0,1.0,,4.0,4.0,2.0,3.0,2.0,4.0,2.0,3.0,1.0,1.0,1.0,2.0,1.0,2.0,1.0,1.0,371.0,4,1,1
2021-04-19 17:48:05,56.0,1.0,276.0,5.0,,4.0,,9.0,2.0,1.0,1.0,3.0,10.0,6.0,5.0,4.0,5.0,3.0,4.0,3.0,3.0,2.0,1.0,1.0,2.0,1.0,2.0,1.0,1.0,777.0,3,0,1
2021-04-19 19:01:03,24.0,1.0,752.0,5.0,,3.0,,1.0,2.0,1.0,1.0,4.0,,3.0,5.0,4.0,5.0,4.0,4.0,2.0,2.0,1.0,1.0,1.0,2.0,2.0,2.0,2.0,1.0,624.0,6,0,0
2021-04-19 21:37:37,63.0,1.0,276.0,6.0,,4.0,,8.0,2.0,1.0,1.0,2.0,10.0,5.0,5.0,5.0,5.0,4.0,5.0,4.0,3.0,1.0,1.0,1.0,2.0,2.0,2.0,2.0,1.0,920.0,6,1,0
2021-04-20 01:47:10,26.0,1.0,840.0,7.0,,4.0,,11.0,2.0,1.0,1.0,1.0,5.0,5.0,4.0,4.0,4.0,4.0,4.0,5.0,4.0,1.0,1.0,1.0,1.0,1.0,2.0,1.0,1.0,665.0,3,1,1
2021-04-20 16:37:54,22.0,2.0,752.0,1.0,,1.0,,4.0,2.0,1.0,1.0,3.0,0.0,5.0,4.0,2.0,5.0,2.0,4.0,4.0,3.0,1.0,1.0,1.0,2.0,1.0,1.0,2.0,1.0,556.0,6,0,1
2021-04-20 16:58:07,25.0,1.0,840.0,5.0,,4.0,,7.0,2.0,,2.0,4.0,10.0,1.0,5.0,4.0,4.0,3.0,5.0,5.0,5.0,1.0,1.0,1.0,2.0,1.0,2.0,1.0,1.0,295.0,4,0,0
2021-04-20 17:56:51,23.0,1.0,276.0,5.0,,8.0,,8.0,2.0,1.0,1.0,1.0,10.0,5.0,5.0,2.0,4.0,2.0,5.0,5.0,4.0,1.0,1.0,1.0,2.0,1.0,2.0,2.0,1.0,371.0,5,1,1
2021-04-20 18:36:05,23.0,2.0,276.0,5.0,,3.0,,7.0,2.0,1.0,1.0,2.0,9.0,3.0,4.0,3.0,4.0,1.0,4.0,5.0,4.0,1.0,1.0,2.0,2.0,1.0,2.0,2.0,1.0,733.0,6,1,0
2021-04-20 20:07:47,30.0,1.0,276.0,5.0,,7.0,,12.0,2.0,1.0,1.0,4.0,3.0,3.0,4.0,4.0,4.0,2.0,5.0,5.0,4.0,2.0,1.0,1.0,1.0,1.0,2.0,2.0,1.0,346.0,3,0,0
2021-04-20 21:09:21,26.0,2.0,276.0,6.0,,4.0,,9.0,2.0,1.0,1.0,3.0,,3.0,2.0,2.0,3.0,2.0,4.0,3.0,2.0,1.0,2.0,2.0,2.0,2.0,2.0,1.0,1.0,377.0,5,0,1
2021-04-20 21:16:56,57.0,1.0,752.0,4.0,,9.0,Nurse,,2.0,1.0,1.0,4.0,10.0,6.0,4.0,2.0,4.0,3.0,5.0,4.0,4.0,2.0,1.0,1.0,2.0,1.0,1.0,1.0,3.0,1098.0,3,0,0
2021-04-21 12:34:21,23.0,1.0,276.0,5.0,,3.0,,4.0,2.0,1.0,1.0,2.0,5.0,5.0,5.0,4.0,5.0,5.0,5.0,5.0,4.0,1.0,1.0,1.0,2.0,2.0,2.0,1.0,1.0,580.0,5,1,0
2021-04-21 15:18:42,20.0,3.0,752.0,3.0,,3.0,,4.0,2.0,1.0,1.0,3.0,10.0,5.0,4.0,4.0,5.0,2.0,4.0,5.0,3.0,1.0,1.0,1.0,2.0,1.0,2.0,1.0,1.0,321.0,4,0,1
2021-04-21 19:37:45,24.0,2.0,276.0,5.0,,2.0,,7.0,2.0,1.0,1.0,1.0,10.0,2.0,4.0,2.0,5.0,1.0,5.0,4.0,4.0,1.0,1.0,1.0,2.0,1.0,1.0,2.0,3.0,619.0,5,1,1
2021-04-21 19:52:42,33.0,2.0,752.0,5.0,,3.0,,5.0,2.0,1.0,1.0,2.0,9.0,4.0,5.0,4.0,4.0,2.0,5.0,5.0,3.0,2.0,1.0,1.0,2.0,1.0,1.0,1.0,1.0,545.0,4,1,0
2021-04-21 22:11:30,27.0,1.0,276.0,5.0,,4.0,,7.0,2.0,1.0,,3.0,7.0,3.0,4.0,4.0,4.0,4.0,5.0,4.0,4.0,1.0,1.0,1.0,2.0,1.0,2.0,2.0,2.0,353.0,4,0,1
2021-04-22 09:58:14,29.0,1.0,276.0,6.0,,3.0,,4.0,2.0,1.0,1.0,1.0,5.0,4.0,4.0,2.0,4.0,2.0,4.0,4.0,2.0,1.0,1.0,1.0,2.0,1.0,1.0,1.0,1.0,232.0,5,1,1
2021-04-22 10:19:33,59.0,1.0,276.0,6.0,,2.0,,6.0,,1.0,1.0,4.0,7.0,6.0,4.0,4.0,4.0,2.0,4.0,3.0,2.0,1.0,1.0,1.0,2.0,1.0,2.0,1.0,1.0,309.0,4,0,0
2021-04-22 12:15:20,23.0,1.0,276.0,6.0,,4.0,,10.0,2.0,1.0,1.0,3.0,,4.0,4.0,4.0,5.0,3.0,4.0,5.0,5.0,1.0,1.0,1.0,2.0,2.0,2.0,1.0,1.0,353.0,5,0,1
2021-04-22 12:34:50,35.0,2.0,276.0,5.0,,4.0,,9.0,2.0,1.0,1.0,1.0,10.0,3.0,4.0,3.0,4.0,4.0,5.0,4.0,4.0,1.0,1.0,1.0,2.0,1.0,1.0,1.0,2.0,598.0,4,1,1
2021-04-22 12:54:18,27.0,1.0,752.0,6.0,,3.0,,6.0,2.0,1.0,1.0,4.0,4.0,3.0,5.0,5.0,4.0,5.0,4.0,3.0,3.0,1.0,1.0,1.0,2.0,1.0,2.0,1.0,1.0,361.0,4,0,0
2021-04-22 13:29:35,25.0,1.0,276.0,5.0,,4.0,,6.0,2.0,1.0,1.0,2.0,10.0,4.0,5.0,3.0,5.0,2.0,4.0,5.0,4.0,2.0,1.0,1.0,2.0,1.0,1.0,2.0,1.0,815.0,5,1,0
2021-04-22 14:34:00,24.0,1.0,276.0,5.0,,3.0,,5.0,2.0,1.0,1.0,2.0,5.0,3.0,4.0,2.0,4.0,2.0,5.0,5.0,4.0,1.0,1.0,1.0,2.0,1.0,2.0,2.0,1.0,272.0,5,1,0
2021-04-22 15:03:19,30.0,2.0,276.0,7.0,,4.0,,8.0,2.0,1.0,1.0,1.0,10.0,1.0,4.0,4.0,5.0,2.0,4.0,4.0,4.0,1.0,1.0,1.0,2.0,2.0,2.0,2.0,1.0,650.0,6,1,1
2021-04-22 15:47:34,32.0,1.0,276.0,6.0,,4.0,,6.0,2.0,1.0,1.0,3.0,5.0,5.0,5.0,4.0,5.0,1.0,5.0,4.0,2.0,2.0,1.0,1.0,2.0,1.0,1.0,1.0,1.0,295.0,4,0,1
2021-04-22 15:47:41,24.0,2.0,276.0,5.0,,4.0,,6.0,2.0,1.0,1.0,4.0,10.0,3.0,4.0,2.0,5.0,2.0,4.0,3.0,3.0,2.0,1.0,1.0,2.0,2.0,2.0,2.0,1.0,615.0,5,0,0
2021-04-22 15:49:37,27.0,2.0,862.0,5.0,,7.0,,5.0,2.0,1.0,1.0,4.0,10.0,6.0,4.0,5.0,5.0,5.0,3.0,5.0,5.0,1.0,1.0,1.0,2.0,1.0,2.0,2.0,1.0,904.0,5,0,0
2021-04-22 15:50:43,29.0,1.0,276.0,5.0,,4.0,,8.0,2.0,1.0,1.0,1.0,10.0,2.0,5.0,4.0,5.0,4.0,5.0,5.0,4.0,1.0,1.0,1.0,2.0,1.0,1.0,2.0,1.0,769.0,6,1,1
2021-04-22 16:00:28,26.0,2.0,276.0,6.0,,4.0,,5.0,2.0,1.0,1.0,2.0,,3.0,3.0,4.0,5.0,5.0,4.0,5.0,4.0,1.0,1.0,1.0,2.0,2.0,1.0,2.0,1.0,281.0,7,1,0
2021-04-22 16:07:27,25.0,2.0,826.0,6.0,,3.0,,4.0,2.0,1.0,1.0,1.0,,6.0,5.0,2.0,5.0,2.0,5.0,5.0,2.0,1.0,1.0,1.0,2.0,1.0,2.0,1.0,1.0,431.0,4,1,1
2021-04-22 16:14:57,30.0,2.0,276.0,6.0,,4.0,,8.0,2.0,1.0,1.0,3.0,10.0,3.0,4.0,3.0,4.0,4.0,4.0,4.0,4.0,1.0,1.0,1.0,2.0,1.0,1.0,2.0,1.0,263.0,6,0,1
2021-04-22 16:21:40,25.0,2.0,276.0,6.0,,7.0,,1.0,2.0,1.0,1.0,4.0,2.0,6.0,4.0,4.0,5.0,2.0,5.0,4.0,4.0,1.0,1.0,1.0,2.0,1.0,1.0,2.0,1.0,329.0,6,0,0
2021-04-22 16:33:20,33.0,2.0,276.0,6.0,,6.0,,7.0,2.0,1.0,1.0,2.0,10.0,2.0,4.0,2.0,4.0,2.0,5.0,3.0,2.0,1.0,1.0,1.0,2.0,1.0,1.0,2.0,1.0,417.0,6,1,0
2021-04-22 17:55:38,25.0,1.0,276.0,5.0,,4.0,,8.0,2.0,1.0,1.0,3.0,7.0,3.0,4.0,3.0,4.0,3.0,5.0,5.0,4.0,1.0,1.0,1.0,1.0,1.0,1.0,2.0,1.0,377.0,5,0,1
2021-04-22 18:44:17,22.0,2.0,276.0,4.0,,3.0,,5.0,2.0,1.0,1.0,1.0,10.0,6.0,5.0,2.0,5.0,2.0,5.0,5.0,2.0,1.0,1.0,1.0,2.0,2.0,2.0,2.0,1.0,568.0,6,1,1
2021-04-22 19:27:14,22.0,1.0,752.0,5.0,,3.0,,4.0,2.0,1.0,1.0,2.0,0.0,2.0,4.0,4.0,4.0,2.0,4.0,4.0,3.0,2.0,1.0,1.0,1.0,1.0,2.0,1.0,1.0,571.0,2,1,0
2021-04-22 20:08:58,26.0,2.0,752.0,3.0,,4.0,,7.0,2.0,1.0,1.0,3.0,0.0,5.0,4.0,4.0,2.0,1.0,4.0,4.0,4.0,1.0,1.0,1.0,2.0,1.0,2.0,2.0,1.0,678.0,5,0,1
2021-04-22 21:06:06,21.0,1.0,276.0,4.0,,3.0,,3.0,2.0,1.0,1.0,4.0,8.0,6.0,4.0,4.0,5.0,4.0,5.0,4.0,3.0,2.0,1.0,1.0,2.0,1.0,1.0,1.0,1.0,390.0,4,0,0
2021-04-22 22:28:36,28.0,1.0,276.0,6.0,,4.0,,8.0,2.0,1.0,1.0,1.0,10.0,5.0,5.0,4.0,5.0,4.0,5.0,5.0,5.0,1.0,1.0,1.0,2.0,2.0,2.0,2.0,1.0,648.0,6,1,1
2021-04-22 23:28:37,34.0,2.0,276.0,7.0,,6.0,,11.0,2.0,1.0,1.0,3.0,10.0,3.0,4.0,3.0,4.0,4.0,3.0,3.0,2.0,2.0,1.0,1.0,2.0,1.0,1.0,2.0,1.0,281.0,5,0,1
2021-04-23 03:54:49,23.0,1.0,410.0,5.0,,4.0,,5.0,2.0,1.0,1.0,2.0,5.0,4.0,5.0,3.0,4.0,2.0,5.0,5.0,4.0,1.0,1.0,1.0,2.0,1.0,2.0,2.0,1.0,363.0,5,1,0
2021-04-23 12:32:14,24.0,1.0,276.0,6.0,,3.0,,3.0,2.0,1.0,1.0,4.0,6.0,5.0,4.0,3.0,5.0,2.0,4.0,4.0,2.0,1.0,1.0,1.0,2.0,2.0,1.0,2.0,1.0,358.0,7,0,0
2021-04-23 12:56:18,29.0,1.0,276.0,6.0,,4.0,,8.0,2.0,1.0,1.0,4.0,10.0,5.0,4.0,3.0,5.0,3.0,5.0,5.0,3.0,1.0,1.0,1.0,2.0,1.0,1.0,1.0,1.0,414.0,5,0,0
2021-04-23 12:58:11,24.0,1.0,276.0,6.0,,4.0,,6.0,2.0,1.0,1.0,1.0,10.0,2.0,4.0,4.0,4.0,2.0,4.0,4.0,4.0,1.0,1.0,1.0,2.0,1.0,2.0,1.0,2.0,915.0,3,1,1
2021-04-23 12:59:43,27.0,2.0,276.0,6.0,,4.0,,8.0,2.0,1.0,3.0,4.0,,4.0,4.0,2.0,5.0,2.0,5.0,5.0,3.0,1.0,1.0,1.0,2.0,1.0,1.0,1.0,1.0,304.0,5,0,0
2021-04-23 13:08:55,23.0,1.0,276.0,5.0,,4.0,,7.0,2.0,1.0,1.0,3.0,10.0,6.0,4.0,4.0,4.0,4.0,4.0,3.0,3.0,1.0,1.0,1.0,2.0,1.0,2.0,2.0,1.0,835.0,5,0,1
2021-04-23 13:48:12,24.0,1.0,276.0,5.0,,3.0,,4.0,2.0,1.0,1.0,2.0,10.0,5.0,3.0,3.0,5.0,2.0,4.0,4.0,4.0,2.0,1.0,1.0,1.0,1.0,1.0,2.0,1.0,444.0,4,1,0
2021-04-23 13:48:15,23.0,1.0,276.0,5.0,,3.0,,5.0,2.0,1.0,1.0,2.0,3.0,5.0,4.0,4.0,5.0,2.0,5.0,5.0,4.0,1.0,1.0,1.0,2.0,1.0,1.0,2.0,1.0,413.0,6,1,0
2021-04-23 13:48:18,26.0,2.0,276.0,5.0,,3.0,,4.0,2.0,1.0,1.0,2.0,10.0,1.0,5.0,5.0,5.0,5.0,5.0,5.0,5.0,1.0,1.0,2.0,1.0,1.0,1.0,2.0,1.0,738.0,6,1,0
2021-04-23 14:13:36,29.0,2.0,276.0,6.0,,3.0,,6.0,2.0,1.0,1.0,1.0,0.0,5.0,5.0,5.0,4.0,4.0,5.0,5.0,5.0,1.0,1.0,1.0,1.0,1.0,1.0,1.0,1.0,563.0,4,1,1
2021-04-23 14:19:25,23.0,1.0,276.0,5.0,,3.0,,4.0,2.0,1.0,1.0,3.0,8.0,1.0,5.0,4.0,5.0,4.0,5.0,5.0,5.0,1.0,1.0,1.0,1.0,2.0,1.0,1.0,1.0,343.0,5,0,1
2021-04-23 15:11:40,21.0,1.0,826.0,5.0,,3.0,,4.0,,1.0,1.0,1.0,9.0,3.0,5.0,5.0,3.0,1.0,5.0,5.0,4.0,1.0,1.0,1.0,1.0,1.0,2.0,1.0,1.0,338.0,3,1,1
2021-04-23 15:26:50,26.0,1.0,276.0,5.0,,3.0,,12.0,2.0,1.0,1.0,3.0,10.0,4.0,4.0,4.0,4.0,3.0,4.0,3.0,4.0,1.0,1.0,1.0,2.0,1.0,1.0,2.0,1.0,785.0,6,0,1
2021-04-23 16:00:52,24.0,2.0,276.0,5.0,,9.0,Dualer Student,7.0,2.0,1.0,1.0,4.0,10.0,3.0,4.0,3.0,4.0,2.0,4.0,3.0,2.0,1.0,1.0,1.0,1.0,1.0,1.0,1.0,1.0,809.0,4,0,0
2021-04-23 16:16:12,23.0,1.0,276.0,5.0,,3.0,,5.0,2.0,1.0,1.0,4.0,2.0,5.0,3.0,2.0,5.0,2.0,5.0,4.0,3.0,1.0,1.0,2.0,2.0,2.0,2.0,2.0,1.0,437.0,7,0,0
2021-04-23 16:22:05,25.0,1.0,276.0,5.0,,3.0,,4.0,2.0,1.0,1.0,3.0,0.0,2.0,4.0,3.0,4.0,4.0,4.0,5.0,3.0,2.0,1.0,1.0,1.0,1.0,2.0,2.0,1.0,476.0,3,0,1
2021-04-23 16:55:33,24.0,2.0,752.0,5.0,,4.0,,7.0,2.0,1.0,1.0,1.0,,3.0,4.0,3.0,4.0,3.0,5.0,4.0,3.0,1.0,1.0,1.0,1.0,1.0,1.0,1.0,1.0,510.0,4,1,1
2021-04-23 16:59:32,22.0,1.0,276.0,4.0,,3.0,,3.0,2.0,1.0,1.0,2.0,5.0,1.0,5.0,4.0,5.0,2.0,5.0,4.0,2.0,1.0,1.0,1.0,2.0,1.0,2.0,2.0,1.0,633.0,5,1,0
2021-04-23 18:19:02,22.0,1.0,276.0,5.0,,3.0,,4.0,2.0,1.0,1.0,1.0,5.0,2.0,4.0,4.0,4.0,3.0,4.0,2.0,3.0,1.0,1.0,2.0,1.0,1.0,2.0,1.0,1.0,413.0,4,1,1
2021-04-23 18:29:54,23.0,1.0,276.0,5.0,,4.0,,7.0,2.0,1.0,1.0,4.0,0.0,5.0,4.0,4.0,3.0,2.0,4.0,4.0,2.0,1.0,1.0,1.0,1.0,2.0,1.0,1.0,1.0,566.0,5,0,0
2021-04-23 19:24:52,22.0,2.0,276.0,4.0,,3.0,,4.0,2.0,1.0,1.0,3.0,0.0,6.0,5.0,5.0,5.0,5.0,5.0,5.0,5.0,1.0,1.0,1.0,2.0,1.0,2.0,2.0,1.0,816.0,5,0,1
2021-04-23 19:27:03,20.0,2.0,276.0,4.0,,3.0,,1.0,2.0,1.0,1.0,3.0,4.0,2.0,4.0,2.0,4.0,2.0,4.0,4.0,4.0,1.0,1.0,1.0,2.0,1.0,2.0,2.0,1.0,694.0,5,0,1
2021-04-23 19:27:34,25.0,2.0,276.0,5.0,,3.0,,1.0,2.0,1.0,1.0,2.0,10.0,3.0,2.0,1.0,3.0,2.0,4.0,3.0,2.0,1.0,1.0,2.0,1.0,2.0,1.0,2.0,1.0,902.0,7,1,0
2021-04-23 19:51:57,53.0,1.0,276.0,8.0,Diplom,4.0,,10.0,2.0,1.0,1.0,1.0,0.0,4.0,4.0,4.0,5.0,4.0,4.0,5.0,4.0,1.0,1.0,1.0,2.0,1.0,2.0,1.0,1.0,555.0,4,1,1
2021-04-23 20:19:31,30.0,2.0,276.0,6.0,,4.0,,11.0,2.0,1.0,1.0,4.0,10.0,,4.0,3.0,2.0,1.0,3.0,4.0,4.0,1.0,1.0,1.0,2.0,1.0,1.0,2.0,1.0,493.0,6,0,0
2021-04-23 22:29:07,27.0,1.0,276.0,5.0,,3.0,,4.0,2.0,1.0,1.0,2.0,0.0,2.0,2.0,2.0,4.0,2.0,4.0,3.0,2.0,1.0,1.0,1.0,1.0,1.0,2.0,2.0,1.0,449.0,4,1,0
2021-04-24 10:27:57,55.0,1.0,276.0,3.0,,4.0,,10.0,2.0,1.0,1.0,1.0,10.0,2.0,4.0,4.0,5.0,2.0,5.0,5.0,3.0,1.0,1.0,1.0,2.0,2.0,2.0,2.0,1.0,1160.0,6,1,1
2021-04-24 10:56:35,27.0,2.0,276.0,5.0,,6.0,,6.0,2.0,1.0,1.0,4.0,0.0,3.0,4.0,3.0,5.0,1.0,5.0,4.0,3.0,1.0,1.0,1.0,2.0,2.0,2.0,2.0,1.0,685.0,6,0,0
2021-04-24 11:18:40,23.0,1.0,276.0,5.0,,3.0,,1.0,2.0,1.0,1.0,2.0,5.0,2.0,4.0,1.0,5.0,1.0,4.0,4.0,4.0,1.0,1.0,1.0,1.0,1.0,2.0,2.0,1.0,686.0,4,1,0
2021-04-24 15:44:44,21.0,2.0,752.0,4.0,,3.0,,1.0,2.0,1.0,1.0,3.0,5.0,5.0,5.0,2.0,5.0,1.0,5.0,4.0,2.0,1.0,1.0,1.0,2.0,1.0,2.0,2.0,1.0,520.0,5,0,1
2021-04-24 15:48:53,24.0,2.0,752.0,1.0,,3.0,,5.0,2.0,1.0,1.0,3.0,5.0,3.0,4.0,3.0,5.0,3.0,4.0,4.0,3.0,1.0,1.0,1.0,2.0,2.0,2.0,2.0,1.0,408.0,6,0,1
2021-04-24 19:31:59,23.0,1.0,276.0,5.0,,3.0,,1.0,2.0,1.0,1.0,4.0,5.0,5.0,3.0,3.0,4.0,4.0,5.0,4.0,3.0,1.0,1.0,1.0,2.0,1.0,1.0,2.0,1.0,395.0,6,0,0
2021-04-24 19:33:58,22.0,1.0,276.0,5.0,,3.0,,4.0,2.0,1.0,1.0,2.0,5.0,4.0,4.0,4.0,4.0,3.0,4.0,4.0,3.0,1.0,1.0,1.0,2.0,1.0,2.0,1.0,1.0,218.0,4,1,0
2021-04-24 21:15:10,50.0,1.0,840.0,6.0,,4.0,,,2.0,1.0,1.0,1.0,10.0,4.0,5.0,4.0,4.0,4.0,4.0,4.0,4.0,1.0,1.0,1.0,2.0,1.0,2.0,1.0,1.0,434.0,4,1,1
2021-04-24 22:00:48,32.0,1.0,276.0,6.0,,3.0,,1.0,2.0,1.0,1.0,3.0,3.0,7.0,5.0,3.0,5.0,3.0,5.0,3.0,5.0,2.0,1.0,1.0,1.0,2.0,1.0,1.0,1.0,158.0,4,0,1
2021-04-24 23:03:57,58.0,1.0,724.0,5.0,,6.0,,4.0,2.0,1.0,1.0,2.0,10.0,3.0,5.0,4.0,4.0,2.0,5.0,4.0,3.0,1.0,1.0,1.0,2.0,2.0,1.0,2.0,1.0,535.0,7,1,0
2021-04-25 00:31:15,24.0,2.0,276.0,2.0,,3.0,,4.0,2.0,1.0,1.0,4.0,1.0,5.0,4.0,4.0,5.0,4.0,3.0,4.0,4.0,2.0,1.0,2.0,1.0,1.0,2.0,1.0,1.0,569.0,3,0,0
2021-04-25 00:54:50,24.0,1.0,276.0,5.0,,3.0,,4.0,2.0,1.0,1.0,1.0,10.0,3.0,5.0,3.0,5.0,2.0,5.0,5.0,4.0,1.0,1.0,1.0,2.0,1.0,2.0,2.0,1.0,381.0,5,1,1
2021-04-25 10:51:56,23.0,2.0,276.0,5.0,,3.0,,4.0,2.0,1.0,1.0,4.0,0.0,2.0,4.0,1.0,4.0,1.0,4.0,4.0,4.0,1.0,1.0,1.0,2.0,1.0,2.0,1.0,1.0,459.0,4,0,0
2021-04-25 11:12:10,23.0,1.0,276.0,5.0,,3.0,,2.0,2.0,1.0,1.0,2.0,2.0,4.0,5.0,4.0,5.0,4.0,5.0,5.0,4.0,1.0,1.0,1.0,1.0,2.0,1.0,2.0,1.0,424.0,6,1,0
2021-04-25 16:04:02,25.0,2.0,,6.0,,2.0,,12.0,2.0,1.0,1.0,1.0,0.0,3.0,4.0,2.0,4.0,2.0,4.0,3.0,3.0,1.0,1.0,1.0,2.0,1.0,2.0,1.0,1.0,422.0,4,1,1
2021-04-25 18:04:21,26.0,1.0,276.0,6.0,,3.0,,6.0,2.0,1.0,1.0,3.0,8.0,5.0,3.0,3.0,4.0,3.0,5.0,5.0,2.0,1.0,1.0,1.0,1.0,1.0,2.0,2.0,1.0,657.0,4,0,1
2021-04-25 18:05:12,54.0,1.0,752.0,7.0,,4.0,,8.0,2.0,1.0,1.0,3.0,10.0,3.0,4.0,4.0,4.0,4.0,4.0,4.0,4.0,1.0,1.0,1.0,2.0,2.0,1.0,1.0,1.0,1230.0,6,0,1
2021-04-25 19:12:04,25.0,2.0,752.0,5.0,,4.0,,7.0,2.0,1.0,1.0,1.0,5.0,5.0,4.0,4.0,5.0,4.0,4.0,4.0,4.0,1.0,1.0,1.0,1.0,1.0,2.0,1.0,1.0,1059.0,3,1,1
2021-04-25 19:14:46,20.0,1.0,752.0,4.0,,4.0,,7.0,2.0,1.0,2.0,2.0,5.0,1.0,2.0,4.0,4.0,2.0,4.0,3.0,1.0,1.0,1.0,1.0,2.0,2.0,2.0,1.0,1.0,486.0,5,1,0
2021-04-25 19:22:33,55.0,1.0,752.0,5.0,,10.0,,4.0,2.0,1.0,1.0,4.0,10.0,5.0,5.0,4.0,5.0,3.0,5.0,4.0,3.0,1.0,1.0,1.0,2.0,1.0,2.0,1.0,1.0,1312.0,4,0,0
2021-04-25 19:24:02,56.0,2.0,752.0,6.0,,4.0,,11.0,2.0,1.0,1.0,1.0,,5.0,4.0,2.0,4.0,1.0,4.0,4.0,3.0,1.0,1.0,1.0,2.0,1.0,2.0,2.0,1.0,950.0,5,1,1
2021-04-25 19:49:59,22.0,1.0,752.0,5.0,,3.0,,5.0,2.0,1.0,1.0,4.0,7.0,5.0,4.0,5.0,4.0,2.0,4.0,4.0,3.0,1.0,1.0,1.0,2.0,2.0,2.0,2.0,1.0,573.0,6,0,0
2021-04-25 22:05:27,27.0,2.0,752.0,5.0,,4.0,,9.0,2.0,1.0,1.0,2.0,10.0,5.0,2.0,2.0,5.0,1.0,5.0,4.0,2.0,1.0,1.0,1.0,2.0,1.0,1.0,1.0,1.0,542.0,5,1,0
2021-04-26 07:39:28,22.0,1.0,276.0,5.0,,3.0,,6.0,2.0,1.0,2.0,3.0,,5.0,4.0,2.0,4.0,1.0,4.0,4.0,2.0,,,,,,,,,208.0,0,0,1
2021-04-26 09:54:12,21.0,2.0,276.0,4.0,,3.0,,4.0,2.0,1.0,1.0,3.0,1.0,5.0,5.0,5.0,4.0,3.0,4.0,4.0,3.0,1.0,1.0,1.0,2.0,2.0,2.0,2.0,1.0,512.0,6,0,1
2021-04-26 10:01:28,35.0,1.0,752.0,5.0,,6.0,,5.0,2.0,1.0,1.0,4.0,10.0,1.0,5.0,5.0,5.0,3.0,5.0,5.0,5.0,1.0,1.0,1.0,2.0,2.0,2.0,1.0,1.0,503.0,5,0,0
2021-04-26 10:17:23,30.0,2.0,276.0,7.0,,9.0,Researcher,7.0,2.0,1.0,1.0,1.0,10.0,5.0,5.0,3.0,4.0,3.0,5.0,5.0,4.0,1.0,1.0,1.0,2.0,2.0,1.0,2.0,1.0,571.0,7,1,1
2021-04-26 13:57:08,20.0,1.0,752.0,4.0,,3.0,,5.0,2.0,1.0,1.0,2.0,2.0,1.0,5.0,3.0,5.0,3.0,5.0,5.0,4.0,1.0,1.0,1.0,2.0,1.0,2.0,2.0,1.0,306.0,5,1,0
2021-04-26 13:57:24,20.0,1.0,752.0,4.0,,3.0,,1.0,2.0,1.0,1.0,2.0,0.0,4.0,5.0,2.0,5.0,2.0,4.0,4.0,3.0,1.0,1.0,1.0,2.0,2.0,1.0,2.0,1.0,253.0,7,1,0
2021-04-26 13:58:53,22.0,1.0,752.0,1.0,,3.0,,1.0,2.0,1.0,1.0,2.0,1.0,3.0,4.0,2.0,3.0,3.0,4.0,2.0,1.0,1.0,1.0,2.0,1.0,2.0,1.0,1.0,1.0,435.0,6,1,0
2021-04-26 13:59:48,22.0,2.0,752.0,1.0,,3.0,,4.0,2.0,1.0,1.0,1.0,4.0,1.0,5.0,3.0,5.0,3.0,2.0,5.0,4.0,1.0,1.0,1.0,2.0,1.0,1.0,1.0,1.0,489.0,5,1,1
2021-04-26 14:00:18,20.0,2.0,752.0,1.0,,3.0,,1.0,2.0,1.0,1.0,2.0,0.0,4.0,4.0,4.0,5.0,4.0,3.0,3.0,3.0,1.0,1.0,2.0,1.0,1.0,1.0,2.0,1.0,353.0,6,1,0
2021-04-26 14:00:32,21.0,1.0,752.0,4.0,,3.0,,1.0,2.0,1.0,1.0,2.0,0.0,3.0,4.0,4.0,4.0,2.0,4.0,4.0,2.0,1.0,1.0,2.0,2.0,1.0,1.0,1.0,1.0,380.0,6,1,0
2021-04-26 14:00:48,20.0,1.0,752.0,1.0,,1.0,,4.0,2.0,1.0,1.0,3.0,1.0,2.0,5.0,4.0,4.0,3.0,4.0,4.0,4.0,1.0,1.0,1.0,2.0,2.0,2.0,2.0,1.0,412.0,6,0,1
2021-04-26 14:01:58,22.0,2.0,752.0,1.0,,3.0,,4.0,2.0,1.0,1.0,2.0,0.0,6.0,4.0,2.0,1.0,1.0,4.0,3.0,2.0,1.0,1.0,2.0,2.0,2.0,1.0,2.0,1.0,467.0,8,1,0
2021-04-26 14:02:07,21.0,2.0,752.0,4.0,,3.0,,5.0,2.0,1.0,1.0,4.0,10.0,2.0,4.0,3.0,5.0,2.0,5.0,4.0,4.0,1.0,1.0,1.0,2.0,1.0,2.0,1.0,1.0,367.0,4,0,0
2021-04-26 14:02:20,21.0,1.0,752.0,4.0,,1.0,,1.0,2.0,1.0,1.0,3.0,5.0,3.0,5.0,3.0,5.0,3.0,4.0,5.0,5.0,1.0,1.0,2.0,2.0,1.0,1.0,1.0,1.0,417.0,6,0,1
2021-04-26 14:03:10,21.0,1.0,752.0,4.0,,3.0,,2.0,2.0,1.0,1.0,3.0,0.0,6.0,4.0,2.0,4.0,1.0,4.0,4.0,1.0,1.0,1.0,1.0,1.0,2.0,1.0,2.0,1.0,432.0,6,0,1
2021-04-26 14:04:05,20.0,1.0,752.0,4.0,,3.0,,5.0,2.0,1.0,1.0,4.0,0.0,5.0,3.0,2.0,4.0,2.0,5.0,4.0,3.0,2.0,1.0,2.0,2.0,2.0,1.0,2.0,1.0,747.0,7,0,0
2021-04-26 14:04:06,21.0,2.0,752.0,1.0,,3.0,,2.0,2.0,1.0,1.0,3.0,0.0,3.0,5.0,4.0,5.0,4.0,4.0,3.0,2.0,1.0,1.0,1.0,2.0,1.0,2.0,1.0,1.0,416.0,4,0,1
2021-04-26 14:05:07,22.0,2.0,752.0,1.0,,3.0,,3.0,2.0,1.0,1.0,3.0,0.0,5.0,4.0,2.0,4.0,3.0,4.0,4.0,3.0,1.0,1.0,1.0,1.0,1.0,1.0,2.0,1.0,507.0,5,0,1
2021-04-26 14:05:26,27.0,2.0,752.0,6.0,,3.0,,5.0,2.0,1.0,1.0,3.0,0.0,3.0,4.0,1.0,3.0,1.0,5.0,5.0,1.0,1.0,1.0,1.0,2.0,1.0,1.0,2.0,1.0,450.0,6,0,1
2021-04-26 14:05:31,22.0,1.0,752.0,1.0,,3.0,,2.0,2.0,1.0,1.0,4.0,0.0,5.0,4.0,2.0,4.0,2.0,5.0,5.0,4.0,1.0,1.0,1.0,2.0,2.0,1.0,1.0,1.0,323.0,6,0,0
2021-04-26 14:05:33,23.0,1.0,752.0,5.0,,3.0,,5.0,2.0,1.0,1.0,1.0,2.0,5.0,5.0,2.0,5.0,2.0,5.0,4.0,3.0,1.0,1.0,1.0,2.0,2.0,2.0,1.0,1.0,366.0,5,1,1
2021-04-26 14:05:33,22.0,2.0,752.0,4.0,,3.0,,4.0,2.0,1.0,1.0,4.0,0.0,5.0,4.0,4.0,4.0,3.0,2.0,3.0,3.0,1.0,1.0,1.0,2.0,2.0,1.0,2.0,1.0,496.0,7,0,0
2021-04-26 14:05:40,21.0,2.0,752.0,1.0,,3.0,,1.0,2.0,1.0,1.0,4.0,0.0,1.0,4.0,2.0,4.0,1.0,4.0,3.0,2.0,1.0,1.0,1.0,2.0,1.0,1.0,2.0,1.0,338.0,6,0,0
2021-04-26 14:05:55,25.0,1.0,752.0,1.0,,3.0,,5.0,2.0,1.0,1.0,1.0,10.0,6.0,4.0,3.0,5.0,2.0,5.0,5.0,4.0,2.0,1.0,1.0,2.0,2.0,2.0,2.0,1.0,600.0,5,1,1
2021-04-26 14:06:15,24.0,1.0,752.0,5.0,,1.0,,1.0,2.0,1.0,1.0,1.0,0.0,5.0,1.0,4.0,5.0,1.0,5.0,4.0,4.0,1.0,1.0,1.0,2.0,2.0,2.0,1.0,1.0,384.0,5,1,1
2021-04-26 14:08:01,23.0,1.0,752.0,1.0,,3.0,,1.0,2.0,1.0,1.0,3.0,0.0,5.0,5.0,5.0,5.0,4.0,5.0,5.0,5.0,1.0,1.0,1.0,2.0,1.0,2.0,2.0,1.0,450.0,5,0,1
2021-04-26 14:08:10,21.0,2.0,752.0,1.0,,3.0,,4.0,2.0,1.0,1.0,1.0,0.0,6.0,5.0,4.0,4.0,3.0,5.0,4.0,3.0,1.0,1.0,1.0,2.0,2.0,1.0,1.0,1.0,461.0,6,1,1
2021-04-26 14:08:19,25.0,2.0,752.0,5.0,,3.0,,1.0,2.0,1.0,1.0,1.0,0.0,3.0,5.0,4.0,5.0,1.0,5.0,4.0,2.0,1.0,1.0,2.0,2.0,2.0,2.0,1.0,1.0,467.0,6,1,1
2021-04-26 14:10:07,26.0,1.0,752.0,6.0,,3.0,,5.0,2.0,1.0,1.0,1.0,1.0,5.0,4.0,4.0,5.0,4.0,5.0,5.0,4.0,1.0,2.0,2.0,2.0,2.0,1.0,1.0,1.0,415.0,6,1,1
2021-04-26 14:11:30,20.0,1.0,752.0,4.0,,3.0,,4.0,2.0,1.0,1.0,1.0,5.0,5.0,5.0,4.0,5.0,4.0,5.0,5.0,5.0,1.0,1.0,1.0,2.0,2.0,2.0,2.0,1.0,476.0,6,1,1
2021-04-26 14:11:46,24.0,2.0,752.0,1.0,,1.0,,3.0,2.0,1.0,1.0,1.0,2.0,5.0,5.0,4.0,5.0,4.0,5.0,3.0,3.0,1.0,1.0,1.0,1.0,2.0,2.0,2.0,2.0,658.0,4,1,1
2021-04-26 14:15:09,22.0,1.0,752.0,4.0,,3.0,,1.0,2.0,1.0,1.0,1.0,10.0,5.0,5.0,4.0,5.0,2.0,5.0,4.0,4.0,1.0,1.0,1.0,2.0,2.0,2.0,2.0,1.0,356.0,6,1,1
2021-04-26 14:15:29,26.0,2.0,752.0,6.0,,3.0,,1.0,2.0,1.0,1.0,4.0,0.0,2.0,3.0,3.0,4.0,2.0,4.0,4.0,4.0,1.0,1.0,1.0,2.0,1.0,2.0,1.0,1.0,384.0,4,0,0
2021-04-26 14:17:16,24.0,1.0,752.0,5.0,,3.0,,3.0,2.0,1.0,1.0,4.0,0.0,5.0,5.0,4.0,5.0,3.0,5.0,3.0,4.0,1.0,1.0,1.0,2.0,2.0,1.0,2.0,1.0,657.0,7,0,0
2021-04-26 14:17:34,23.0,2.0,752.0,4.0,,3.0,,5.0,2.0,1.0,1.0,2.0,6.0,3.0,4.0,3.0,5.0,2.0,5.0,5.0,4.0,1.0,1.0,1.0,2.0,1.0,1.0,2.0,1.0,602.0,6,1,0
2021-04-26 14:18:06,24.0,1.0,752.0,5.0,,3.0,,4.0,2.0,1.0,1.0,2.0,0.0,5.0,4.0,4.0,5.0,3.0,5.0,5.0,4.0,1.0,1.0,2.0,2.0,1.0,1.0,2.0,1.0,1097.0,7,1,0
2021-04-26 14:19:00,19.0,1.0,752.0,4.0,,3.0,,3.0,2.0,1.0,1.0,2.0,10.0,1.0,4.0,4.0,5.0,3.0,4.0,3.0,2.0,1.0,1.0,1.0,2.0,1.0,2.0,2.0,1.0,370.0,5,1,0
2021-04-26 14:19:01,27.0,2.0,752.0,6.0,,5.0,,5.0,2.0,1.0,1.0,2.0,0.0,3.0,4.0,3.0,5.0,2.0,4.0,4.0,1.0,1.0,1.0,1.0,2.0,1.0,1.0,2.0,1.0,253.0,6,1,0
2021-04-26 14:20:26,23.0,1.0,752.0,1.0,,1.0,,4.0,2.0,1.0,1.0,2.0,2.0,2.0,4.0,3.0,5.0,2.0,5.0,5.0,3.0,1.0,1.0,1.0,2.0,1.0,2.0,1.0,1.0,441.0,4,1,0
2021-04-26 14:21:06,23.0,2.0,752.0,5.0,,3.0,,3.0,2.0,1.0,1.0,2.0,0.0,3.0,5.0,5.0,4.0,4.0,4.0,5.0,5.0,2.0,1.0,1.0,2.0,2.0,1.0,1.0,1.0,592.0,5,1,0
2021-04-26 14:21:10,25.0,2.0,752.0,6.0,,3.0,,1.0,2.0,1.0,1.0,2.0,0.0,4.0,4.0,4.0,5.0,3.0,4.0,4.0,4.0,1.0,1.0,1.0,2.0,1.0,2.0,2.0,1.0,429.0,5,1,0
2021-04-26 14:21:36,24.0,2.0,752.0,5.0,,3.0,,5.0,2.0,1.0,1.0,4.0,0.0,3.0,4.0,1.0,4.0,1.0,5.0,4.0,4.0,1.0,1.0,1.0,2.0,2.0,2.0,2.0,1.0,537.0,6,0,0
2021-04-26 14:23:35,28.0,2.0,752.0,5.0,,3.0,,4.0,2.0,1.0,1.0,2.0,10.0,2.0,2.0,2.0,4.0,2.0,3.0,2.0,2.0,1.0,2.0,2.0,2.0,2.0,1.0,2.0,1.0,450.0,7,1,0
2021-04-26 14:25:21,22.0,1.0,752.0,5.0,,3.0,,1.0,2.0,1.0,1.0,2.0,0.0,3.0,2.0,2.0,4.0,3.0,4.0,2.0,2.0,1.0,1.0,2.0,2.0,1.0,2.0,1.0,1.0,527.0,5,1,0
2021-04-26 14:27:46,20.0,1.0,752.0,4.0,,3.0,,3.0,2.0,1.0,1.0,4.0,0.0,5.0,5.0,4.0,5.0,2.0,5.0,4.0,3.0,1.0,1.0,1.0,2.0,1.0,1.0,2.0,1.0,493.0,6,0,0
2021-04-26 14:28:19,22.0,2.0,752.0,1.0,,3.0,,5.0,2.0,1.0,1.0,4.0,0.0,5.0,5.0,2.0,5.0,2.0,5.0,4.0,3.0,1.0,1.0,1.0,2.0,1.0,2.0,2.0,1.0,653.0,5,0,0
2021-04-26 14:30:03,24.0,1.0,752.0,4.0,,3.0,,4.0,2.0,1.0,1.0,2.0,0.0,5.0,5.0,4.0,5.0,4.0,5.0,5.0,5.0,1.0,1.0,1.0,2.0,2.0,1.0,2.0,1.0,616.0,7,1,0
2021-04-26 14:34:37,19.0,1.0,752.0,1.0,,3.0,,6.0,2.0,1.0,1.0,3.0,9.0,3.0,5.0,3.0,5.0,1.0,5.0,4.0,1.0,1.0,1.0,1.0,2.0,2.0,1.0,2.0,1.0,902.0,7,0,1
2021-04-26 14:36:07,23.0,1.0,752.0,1.0,,1.0,,6.0,2.0,1.0,1.0,3.0,2.0,5.0,4.0,3.0,2.0,4.0,4.0,2.0,3.0,1.0,1.0,1.0,2.0,1.0,2.0,1.0,2.0,235.0,3,0,1
2021-04-26 14:40:19,22.0,2.0,752.0,1.0,,3.0,,4.0,2.0,1.0,1.0,3.0,1.0,3.0,5.0,3.0,5.0,2.0,5.0,4.0,2.0,2.0,1.0,1.0,2.0,1.0,2.0,1.0,1.0,296.0,3,0,1
2021-04-26 14:41:26,19.0,2.0,752.0,1.0,,1.0,,5.0,2.0,1.0,1.0,3.0,0.0,3.0,5.0,3.0,5.0,2.0,5.0,4.0,3.0,1.0,1.0,1.0,2.0,2.0,2.0,1.0,1.0,411.0,5,0,1
2021-04-26 14:42:53,19.0,1.0,752.0,4.0,,1.0,,3.0,2.0,1.0,1.0,3.0,4.0,2.0,5.0,2.0,5.0,2.0,4.0,2.0,2.0,1.0,1.0,1.0,2.0,2.0,2.0,2.0,1.0,221.0,6,0,1
2021-04-26 14:46:21,26.0,1.0,40.0,6.0,,3.0,,6.0,2.0,1.0,1.0,4.0,8.0,5.0,2.0,4.0,5.0,4.0,5.0,5.0,5.0,1.0,1.0,1.0,1.0,1.0,2.0,1.0,1.0,603.0,3,0,0
2021-04-26 14:48:12,23.0,2.0,752.0,1.0,,3.0,,7.0,2.0,1.0,1.0,1.0,3.0,5.0,4.0,2.0,5.0,1.0,5.0,4.0,2.0,1.0,1.0,1.0,2.0,2.0,1.0,2.0,1.0,464.0,7,1,1
2021-04-26 14:50:31,27.0,2.0,752.0,6.0,,4.0,,7.0,2.0,1.0,2.0,4.0,4.0,6.0,5.0,3.0,5.0,3.0,4.0,4.0,3.0,1.0,1.0,1.0,2.0,2.0,2.0,2.0,1.0,818.0,6,0,0
2021-04-26 14:55:45,24.0,2.0,752.0,1.0,,3.0,,1.0,2.0,1.0,1.0,4.0,10.0,4.0,5.0,3.0,4.0,2.0,4.0,5.0,3.0,1.0,1.0,1.0,2.0,2.0,1.0,1.0,1.0,618.0,6,0,0
2021-04-26 14:56:31,26.0,1.0,752.0,5.0,,3.0,,5.0,2.0,1.0,1.0,4.0,2.0,1.0,4.0,3.0,5.0,3.0,4.0,5.0,4.0,2.0,1.0,1.0,2.0,1.0,1.0,1.0,1.0,444.0,4,0,0
2021-04-26 15:05:27,28.0,2.0,752.0,5.0,,3.0,,5.0,2.0,1.0,1.0,1.0,10.0,5.0,3.0,1.0,4.0,1.0,4.0,3.0,1.0,1.0,1.0,2.0,2.0,1.0,1.0,2.0,1.0,433.0,7,1,1
2021-04-26 15:08:02,20.0,2.0,752.0,1.0,,3.0,,4.0,2.0,1.0,1.0,1.0,0.0,6.0,5.0,4.0,5.0,3.0,4.0,3.0,3.0,1.0,1.0,1.0,2.0,1.0,2.0,2.0,1.0,604.0,5,1,1
2021-04-26 15:12:20,20.0,1.0,752.0,4.0,,3.0,,1.0,2.0,1.0,1.0,1.0,3.0,5.0,4.0,2.0,4.0,2.0,4.0,4.0,3.0,1.0,1.0,1.0,2.0,1.0,1.0,1.0,1.0,847.0,5,1,1
2021-04-26 15:13:59,20.0,2.0,752.0,4.0,,3.0,,4.0,,1.0,1.0,1.0,0.0,5.0,5.0,4.0,5.0,3.0,5.0,5.0,4.0,1.0,1.0,1.0,2.0,1.0,1.0,2.0,1.0,342.0,6,1,1
2021-04-26 15:15:23,23.0,2.0,642.0,5.0,,3.0,,1.0,2.0,1.0,3.0,1.0,2.0,2.0,3.0,4.0,4.0,5.0,5.0,2.0,4.0,1.0,1.0,1.0,2.0,2.0,1.0,2.0,1.0,340.0,7,1,1
2021-04-26 15:20:25,23.0,1.0,752.0,6.0,,3.0,,4.0,2.0,1.0,1.0,3.0,3.0,4.0,4.0,3.0,4.0,3.0,3.0,4.0,3.0,1.0,1.0,1.0,2.0,1.0,1.0,1.0,1.0,599.0,5,0,1
2021-04-26 15:21:08,24.0,1.0,752.0,6.0,,3.0,,4.0,2.0,1.0,1.0,3.0,0.0,3.0,5.0,3.0,4.0,4.0,5.0,4.0,3.0,1.0,1.0,1.0,2.0,2.0,2.0,1.0,1.0,654.0,5,0,1
2021-04-26 15:21:12,24.0,1.0,300.0,5.0,,3.0,,3.0,2.0,1.0,1.0,3.0,0.0,3.0,4.0,2.0,4.0,4.0,3.0,3.0,1.0,2.0,1.0,1.0,1.0,1.0,1.0,2.0,1.0,549.0,4,0,1
2021-04-26 15:21:44,27.0,1.0,752.0,5.0,,3.0,,5.0,2.0,1.0,1.0,3.0,2.0,6.0,3.0,2.0,4.0,1.0,5.0,4.0,2.0,1.0,1.0,1.0,2.0,1.0,1.0,2.0,1.0,300.0,6,0,1
2021-04-26 15:25:49,23.0,2.0,752.0,5.0,,3.0,,4.0,2.0,1.0,1.0,3.0,1.0,5.0,5.0,4.0,4.0,2.0,5.0,3.0,3.0,1.0,1.0,2.0,2.0,2.0,1.0,2.0,1.0,482.0,8,0,1
2021-04-26 15:27:14,23.0,2.0,752.0,1.0,,1.0,,3.0,2.0,1.0,1.0,3.0,0.0,5.0,5.0,3.0,5.0,3.0,5.0,5.0,3.0,1.0,1.0,1.0,2.0,2.0,2.0,2.0,1.0,454.0,6,0,1
2021-04-26 15:27:32,29.0,1.0,752.0,6.0,,7.0,,4.0,2.0,1.0,1.0,2.0,5.0,5.0,3.0,3.0,5.0,4.0,5.0,5.0,3.0,1.0,1.0,1.0,2.0,2.0,2.0,2.0,1.0,285.0,6,1,0
2021-04-26 15:29:23,22.0,1.0,752.0,4.0,,3.0,,5.0,2.0,1.0,2.0,3.0,0.0,3.0,4.0,5.0,5.0,3.0,4.0,4.0,3.0,1.0,1.0,1.0,1.0,1.0,1.0,1.0,2.0,416.0,3,0,1
2021-04-26 15:33:19,22.0,1.0,752.0,4.0,,3.0,,4.0,2.0,1.0,1.0,4.0,4.0,6.0,4.0,4.0,5.0,3.0,4.0,4.0,3.0,1.0,1.0,1.0,1.0,2.0,2.0,2.0,1.0,509.0,5,0,0
2021-04-26 15:49:02,21.0,2.0,752.0,1.0,,3.0,,1.0,2.0,1.0,1.0,4.0,2.0,1.0,4.0,3.0,5.0,3.0,4.0,4.0,4.0,1.0,1.0,1.0,2.0,2.0,1.0,2.0,1.0,343.0,7,0,0
2021-04-26 15:56:30,23.0,2.0,752.0,5.0,,3.0,,5.0,2.0,1.0,1.0,4.0,8.0,5.0,4.0,4.0,5.0,3.0,4.0,4.0,4.0,1.0,1.0,1.0,2.0,2.0,2.0,1.0,1.0,425.0,5,0,0
2021-04-26 15:56:30,19.0,1.0,752.0,4.0,,3.0,,1.0,2.0,1.0,1.0,2.0,0.0,3.0,5.0,4.0,5.0,1.0,3.0,4.0,1.0,1.0,1.0,1.0,2.0,1.0,1.0,2.0,1.0,207.0,6,1,0
2021-04-26 16:09:16,23.0,1.0,752.0,1.0,,3.0,,4.0,2.0,1.0,1.0,4.0,0.0,6.0,4.0,5.0,4.0,3.0,4.0,2.0,2.0,1.0,1.0,1.0,2.0,1.0,2.0,2.0,1.0,652.0,5,0,0
2021-04-26 16:18:48,22.0,1.0,752.0,5.0,,3.0,,4.0,2.0,1.0,1.0,2.0,5.0,5.0,5.0,5.0,5.0,5.0,5.0,5.0,5.0,1.0,1.0,1.0,1.0,1.0,2.0,2.0,1.0,343.0,4,1,0
2021-04-26 16:19:37,28.0,1.0,752.0,6.0,,4.0,,6.0,2.0,1.0,1.0,1.0,0.0,2.0,4.0,4.0,4.0,4.0,5.0,4.0,4.0,1.0,1.0,1.0,2.0,1.0,2.0,2.0,1.0,722.0,5,1,1
2021-04-26 16:33:14,30.0,1.0,752.0,5.0,,3.0,,1.0,2.0,1.0,1.0,1.0,0.0,2.0,4.0,5.0,5.0,4.0,5.0,5.0,5.0,2.0,1.0,1.0,2.0,1.0,2.0,2.0,1.0,245.0,4,1,1
2021-04-26 16:40:13,22.0,2.0,752.0,4.0,,3.0,,4.0,2.0,1.0,1.0,4.0,0.0,5.0,3.0,2.0,4.0,2.0,3.0,3.0,2.0,1.0,1.0,1.0,2.0,2.0,1.0,2.0,1.0,272.0,7,0,0
2021-04-26 16:54:04,26.0,2.0,752.0,5.0,,3.0,,3.0,2.0,1.0,1.0,2.0,0.0,6.0,4.0,3.0,4.0,4.0,5.0,3.0,2.0,1.0,1.0,1.0,1.0,1.0,1.0,2.0,1.0,801.0,5,1,0
2021-04-26 16:55:39,24.0,2.0,752.0,4.0,,3.0,,2.0,2.0,1.0,1.0,2.0,5.0,2.0,4.0,3.0,4.0,2.0,5.0,3.0,2.0,1.0,1.0,1.0,2.0,2.0,2.0,1.0,4.0,975.0,4,1,0
2021-04-26 17:58:30,20.0,2.0,752.0,4.0,,3.0,,3.0,2.0,1.0,1.0,1.0,0.0,5.0,5.0,2.0,5.0,2.0,4.0,2.0,2.0,2.0,1.0,2.0,2.0,2.0,1.0,2.0,1.0,340.0,7,1,1
2021-04-26 18:08:35,19.0,1.0,752.0,8.0,Upper secondary school,3.0,,4.0,2.0,1.0,1.0,4.0,10.0,3.0,4.0,1.0,4.0,1.0,5.0,3.0,2.0,2.0,1.0,1.0,1.0,1.0,2.0,2.0,1.0,924.0,3,0,0
2021-04-26 18:10:05,36.0,2.0,752.0,1.0,,3.0,,3.0,2.0,1.0,1.0,4.0,10.0,6.0,5.0,3.0,4.0,1.0,5.0,5.0,4.0,1.0,1.0,1.0,2.0,1.0,1.0,2.0,1.0,454.0,6,0,0
2021-04-26 18:16:37,31.0,1.0,752.0,5.0,,6.0,,12.0,2.0,1.0,1.0,4.0,2.0,3.0,5.0,5.0,5.0,3.0,5.0,4.0,3.0,1.0,1.0,1.0,2.0,1.0,2.0,2.0,1.0,394.0,5,0,0
2021-04-26 18:21:51,61.0,1.0,752.0,4.0,,10.0,,8.0,2.0,1.0,1.0,1.0,10.0,4.0,4.0,4.0,4.0,2.0,4.0,3.0,3.0,1.0,1.0,1.0,2.0,1.0,1.0,2.0,1.0,919.0,6,1,1
2021-04-26 18:22:36,22.0,1.0,752.0,4.0,,3.0,,7.0,2.0,1.0,1.0,3.0,0.0,2.0,4.0,2.0,4.0,2.0,4.0,4.0,4.0,1.0,1.0,1.0,2.0,1.0,1.0,2.0,1.0,522.0,6,0,1
2021-04-26 18:33:54,56.0,2.0,752.0,3.0,,4.0,,8.0,2.0,1.0,1.0,2.0,10.0,3.0,4.0,4.0,5.0,3.0,4.0,4.0,4.0,1.0,1.0,1.0,1.0,1.0,2.0,1.0,1.0,1099.0,3,1,0
2021-04-26 18:47:41,27.0,2.0,752.0,5.0,,4.0,,8.0,2.0,1.0,1.0,2.0,3.0,4.0,4.0,3.0,4.0,2.0,3.0,2.0,2.0,1.0,1.0,1.0,1.0,1.0,2.0,1.0,1.0,594.0,3,1,0
2021-04-26 18:50:12,30.0,1.0,752.0,5.0,,3.0,,7.0,2.0,1.0,1.0,2.0,10.0,3.0,4.0,4.0,5.0,3.0,5.0,3.0,2.0,1.0,1.0,1.0,1.0,2.0,2.0,1.0,1.0,265.0,4,1,0
2021-04-26 18:50:47,22.0,2.0,752.0,5.0,,3.0,,1.0,2.0,1.0,1.0,2.0,0.0,4.0,4.0,1.0,4.0,1.0,4.0,4.0,1.0,1.0,1.0,1.0,2.0,2.0,1.0,1.0,1.0,582.0,6,1,0
2021-04-26 19:11:30,30.0,2.0,752.0,1.0,,3.0,,5.0,2.0,1.0,1.0,1.0,0.0,4.0,4.0,4.0,4.0,2.0,5.0,4.0,3.0,1.0,1.0,1.0,2.0,1.0,2.0,1.0,1.0,492.0,4,1,1
2021-04-26 19:22:14,24.0,1.0,752.0,5.0,,3.0,,1.0,2.0,1.0,1.0,3.0,0.0,3.0,5.0,3.0,5.0,2.0,4.0,4.0,4.0,1.0,1.0,1.0,1.0,1.0,1.0,1.0,1.0,361.0,4,0,1
2021-04-26 19:25:41,25.0,1.0,752.0,1.0,,3.0,,4.0,2.0,1.0,1.0,3.0,0.0,3.0,5.0,4.0,5.0,4.0,5.0,5.0,4.0,1.0,1.0,1.0,2.0,2.0,1.0,2.0,1.0,538.0,7,0,1
2021-04-26 20:04:11,26.0,1.0,752.0,6.0,,3.0,,4.0,2.0,1.0,1.0,1.0,0.0,5.0,5.0,4.0,5.0,3.0,5.0,5.0,3.0,1.0,1.0,1.0,2.0,1.0,1.0,2.0,1.0,631.0,6,1,1
2021-04-26 20:13:59,21.0,1.0,752.0,1.0,,3.0,,1.0,2.0,1.0,1.0,4.0,9.0,4.0,5.0,2.0,5.0,2.0,5.0,5.0,4.0,1.0,1.0,1.0,2.0,2.0,1.0,2.0,1.0,483.0,7,0,0
2021-04-26 20:17:26,22.0,2.0,752.0,4.0,,3.0,,5.0,2.0,1.0,1.0,4.0,0.0,7.0,3.0,1.0,2.0,1.0,3.0,2.0,1.0,1.0,1.0,1.0,2.0,1.0,2.0,2.0,1.0,623.0,5,0,0
2021-04-26 20:52:36,19.0,1.0,752.0,3.0,,3.0,,5.0,2.0,1.0,1.0,1.0,0.0,4.0,3.0,2.0,5.0,2.0,5.0,2.0,2.0,1.0,1.0,1.0,2.0,1.0,2.0,2.0,1.0,300.0,5,1,1
2021-04-26 20:56:27,28.0,1.0,752.0,5.0,,7.0,,,2.0,1.0,1.0,1.0,9.0,2.0,5.0,5.0,5.0,4.0,4.0,5.0,4.0,1.0,1.0,1.0,2.0,2.0,2.0,1.0,1.0,529.0,5,1,1
2021-04-26 22:40:12,22.0,1.0,752.0,4.0,,3.0,,1.0,2.0,1.0,1.0,3.0,0.0,3.0,5.0,4.0,5.0,4.0,5.0,5.0,3.0,1.0,1.0,1.0,1.0,1.0,2.0,1.0,1.0,429.0,3,0,1
2021-04-26 23:02:26,23.0,2.0,276.0,5.0,,3.0,,4.0,2.0,1.0,1.0,3.0,5.0,6.0,5.0,4.0,5.0,4.0,5.0,5.0,5.0,1.0,1.0,1.0,2.0,1.0,2.0,1.0,1.0,637.0,4,0,1
2021-04-26 23:12:00,20.0,2.0,752.0,4.0,,3.0,,5.0,2.0,1.0,1.0,2.0,0.0,5.0,5.0,2.0,4.0,2.0,5.0,4.0,2.0,1.0,1.0,1.0,2.0,2.0,1.0,2.0,1.0,249.0,7,1,0
2021-04-27 00:45:34,20.0,1.0,752.0,4.0,,3.0,,4.0,2.0,1.0,1.0,4.0,5.0,4.0,4.0,3.0,4.0,4.0,5.0,3.0,2.0,1.0,2.0,1.0,1.0,2.0,1.0,2.0,1.0,141.0,5,0,0
2021-04-27 01:24:16,31.0,1.0,752.0,6.0,,3.0,,1.0,2.0,1.0,1.0,1.0,10.0,5.0,5.0,5.0,4.0,4.0,5.0,5.0,4.0,1.0,1.0,1.0,2.0,1.0,1.0,1.0,1.0,713.0,5,1,1
2021-04-27 02:34:05,31.0,3.0,752.0,5.0,,3.0,,4.0,2.0,1.0,1.0,2.0,0.0,3.0,5.0,4.0,5.0,4.0,5.0,5.0,4.0,1.0,1.0,1.0,1.0,1.0,2.0,1.0,1.0,505.0,3,1,0
2021-04-27 04:18:17,60.0,1.0,124.0,5.0,,4.0,,11.0,2.0,1.0,1.0,4.0,10.0,5.0,5.0,5.0,5.0,4.0,4.0,5.0,5.0,1.0,1.0,1.0,2.0,1.0,2.0,1.0,1.0,433.0,4,0,0
2021-04-27 06:12:16,60.0,1.0,840.0,5.0,,6.0,,11.0,2.0,1.0,1.0,3.0,5.0,4.0,4.0,4.0,4.0,4.0,4.0,4.0,4.0,1.0,1.0,1.0,1.0,1.0,1.0,1.0,1.0,817.0,4,0,1
2021-04-27 08:01:47,24.0,2.0,752.0,5.0,,7.0,,2.0,2.0,1.0,1.0,3.0,0.0,3.0,4.0,3.0,4.0,3.0,4.0,3.0,4.0,1.0,1.0,1.0,2.0,1.0,1.0,2.0,1.0,261.0,6,0,1
2021-04-27 08:03:02,20.0,2.0,752.0,3.0,,3.0,,4.0,2.0,1.0,1.0,1.0,0.0,5.0,5.0,4.0,5.0,3.0,4.0,4.0,3.0,1.0,1.0,1.0,2.0,2.0,2.0,2.0,1.0,856.0,6,1,1
2021-04-27 08:12:27,25.0,1.0,752.0,6.0,,7.0,,1.0,2.0,1.0,1.0,4.0,0.0,3.0,4.0,1.0,4.0,2.0,4.0,4.0,4.0,1.0,1.0,1.0,1.0,1.0,1.0,2.0,1.0,716.0,5,0,0
2021-04-27 08:23:24,23.0,1.0,752.0,4.0,,3.0,,5.0,2.0,1.0,1.0,2.0,9.0,6.0,5.0,4.0,5.0,2.0,5.0,5.0,3.0,1.0,1.0,1.0,2.0,1.0,2.0,2.0,1.0,597.0,5,1,0
2021-04-27 08:42:47,20.0,2.0,752.0,4.0,,3.0,,4.0,2.0,1.0,1.0,2.0,10.0,2.0,5.0,2.0,4.0,2.0,5.0,5.0,4.0,1.0,1.0,1.0,2.0,2.0,2.0,2.0,1.0,634.0,6,1,0
2021-04-27 09:36:13,19.0,1.0,752.0,4.0,,3.0,,2.0,2.0,1.0,1.0,3.0,5.0,3.0,5.0,2.0,5.0,2.0,5.0,3.0,2.0,1.0,1.0,1.0,2.0,2.0,2.0,1.0,1.0,415.0,5,0,1
2021-04-27 10:06:45,27.0,2.0,752.0,4.0,,3.0,,5.0,2.0,1.0,1.0,1.0,,3.0,4.0,2.0,4.0,3.0,4.0,5.0,4.0,1.0,1.0,1.0,2.0,1.0,1.0,1.0,1.0,310.0,5,1,1
2021-04-27 10:14:27,24.0,2.0,752.0,5.0,,3.0,,5.0,2.0,1.0,1.0,4.0,4.0,3.0,4.0,4.0,3.0,2.0,5.0,5.0,4.0,1.0,1.0,2.0,2.0,1.0,1.0,2.0,4.0,1116.0,6,0,0
2021-04-27 10:33:27,23.0,1.0,752.0,5.0,,3.0,,9.0,2.0,1.0,1.0,4.0,0.0,1.0,4.0,1.0,4.0,1.0,3.0,3.0,2.0,2.0,1.0,2.0,2.0,1.0,2.0,2.0,1.0,370.0,5,0,0
2021-04-27 11:46:47,39.0,1.0,752.0,6.0,,4.0,,7.0,2.0,1.0,1.0,3.0,0.0,5.0,4.0,4.0,5.0,4.0,4.0,5.0,4.0,1.0,1.0,1.0,2.0,1.0,2.0,1.0,1.0,397.0,4,0,1
2021-04-27 14:39:26,57.0,2.0,752.0,5.0,,4.0,,12.0,2.0,1.0,1.0,1.0,,5.0,4.0,3.0,4.0,3.0,4.0,4.0,4.0,1.0,1.0,1.0,2.0,2.0,2.0,2.0,3.0,732.0,5,1,1
2021-04-27 14:43:09,25.0,1.0,752.0,5.0,,3.0,,1.0,2.0,1.0,1.0,2.0,0.0,3.0,5.0,3.0,5.0,2.0,4.0,5.0,4.0,1.0,1.0,1.0,2.0,1.0,2.0,1.0,1.0,274.0,4,1,0
2021-04-27 15:28:04,25.0,2.0,276.0,5.0,,3.0,,5.0,2.0,1.0,1.0,1.0,10.0,6.0,5.0,2.0,5.0,1.0,5.0,4.0,4.0,1.0,1.0,1.0,2.0,2.0,1.0,2.0,1.0,324.0,7,1,1
2021-04-27 16:07:32,18.0,2.0,276.0,4.0,,3.0,,4.0,2.0,1.0,1.0,4.0,0.0,3.0,4.0,2.0,4.0,2.0,3.0,5.0,2.0,2.0,1.0,1.0,2.0,1.0,1.0,2.0,1.0,824.0,5,0,0
2021-04-27 16:08:22,24.0,2.0,276.0,4.0,,3.0,,6.0,2.0,1.0,1.0,3.0,10.0,5.0,5.0,4.0,5.0,4.0,5.0,5.0,3.0,1.0,2.0,1.0,2.0,2.0,1.0,2.0,2.0,560.0,5,0,1
2021-04-27 16:29:01,22.0,2.0,276.0,4.0,,3.0,,2.0,2.0,1.0,1.0,2.0,0.0,3.0,5.0,4.0,4.0,3.0,5.0,5.0,5.0,1.0,1.0,1.0,1.0,1.0,2.0,1.0,1.0,765.0,3,1,0
2021-04-27 16:38:37,23.0,2.0,752.0,4.0,,3.0,,5.0,2.0,1.0,1.0,4.0,0.0,3.0,5.0,3.0,4.0,2.0,4.0,2.0,1.0,1.0,1.0,1.0,2.0,2.0,1.0,2.0,1.0,503.0,7,0,0
2021-04-27 16:41:11,28.0,1.0,752.0,1.0,,3.0,,4.0,2.0,1.0,1.0,2.0,0.0,3.0,4.0,3.0,3.0,2.0,5.0,3.0,3.0,2.0,1.0,1.0,2.0,2.0,1.0,2.0,1.0,329.0,6,1,0
2021-04-27 17:06:56,23.0,1.0,276.0,5.0,,3.0,,4.0,2.0,1.0,1.0,1.0,5.0,5.0,5.0,4.0,5.0,4.0,5.0,5.0,5.0,1.0,1.0,1.0,1.0,2.0,2.0,1.0,1.0,567.0,4,1,1
2021-04-27 17:17:21,22.0,1.0,752.0,3.0,,3.0,,4.0,2.0,1.0,1.0,3.0,8.0,3.0,5.0,3.0,5.0,3.0,5.0,5.0,4.0,1.0,1.0,1.0,2.0,2.0,2.0,2.0,1.0,948.0,6,0,1
2021-04-27 18:42:44,21.0,1.0,752.0,3.0,,3.0,,2.0,2.0,1.0,2.0,4.0,5.0,2.0,4.0,2.0,4.0,2.0,5.0,4.0,3.0,2.0,1.0,1.0,2.0,2.0,2.0,2.0,1.0,497.0,5,0,0
2021-04-27 19:04:34,21.0,1.0,840.0,5.0,,3.0,,5.0,2.0,1.0,1.0,3.0,0.0,2.0,4.0,3.0,4.0,2.0,5.0,4.0,4.0,1.0,1.0,1.0,1.0,1.0,1.0,1.0,1.0,505.0,4,0,1
2021-04-28 08:32:20,22.0,1.0,276.0,5.0,,4.0,,8.0,2.0,1.0,1.0,2.0,5.0,2.0,5.0,4.0,5.0,3.0,4.0,3.0,3.0,2.0,1.0,2.0,2.0,1.0,2.0,1.0,1.0,294.0,4,1,0
2021-04-28 09:18:23,26.0,1.0,752.0,5.0,,3.0,,1.0,2.0,1.0,1.0,2.0,10.0,4.0,5.0,2.0,5.0,1.0,5.0,4.0,2.0,1.0,1.0,1.0,1.0,1.0,2.0,1.0,1.0,481.0,3,1,0
2021-04-28 09:19:16,25.0,1.0,,6.0,,4.0,,,2.0,1.0,1.0,1.0,4.0,3.0,5.0,4.0,5.0,5.0,5.0,5.0,5.0,1.0,1.0,1.0,1.0,1.0,2.0,2.0,1.0,176.0,4,1,1
2021-04-28 09:24:30,34.0,2.0,752.0,6.0,,3.0,,6.0,2.0,1.0,1.0,1.0,0.0,1.0,5.0,2.0,5.0,3.0,5.0,5.0,4.0,1.0,1.0,1.0,2.0,2.0,1.0,2.0,1.0,494.0,7,1,1
2021-04-28 10:13:52,20.0,1.0,276.0,4.0,,3.0,,1.0,2.0,1.0,1.0,2.0,0.0,4.0,5.0,3.0,4.0,3.0,5.0,5.0,3.0,1.0,1.0,1.0,2.0,2.0,2.0,1.0,1.0,556.0,5,1,0
2021-04-28 10:36:00,25.0,1.0,752.0,6.0,,6.0,,3.0,2.0,1.0,1.0,3.0,10.0,2.0,4.0,3.0,4.0,2.0,3.0,4.0,4.0,1.0,1.0,1.0,2.0,1.0,2.0,1.0,1.0,635.0,4,0,1
2021-04-28 11:14:27,24.0,1.0,752.0,5.0,,3.0,,5.0,2.0,1.0,1.0,1.0,0.0,3.0,4.0,2.0,4.0,4.0,3.0,3.0,2.0,1.0,1.0,2.0,2.0,1.0,2.0,2.0,1.0,645.0,6,1,1
2021-04-28 12:05:22,24.0,1.0,804.0,6.0,,4.0,,2.0,2.0,1.0,1.0,4.0,1.0,5.0,2.0,2.0,4.0,4.0,5.0,5.0,4.0,1.0,1.0,1.0,2.0,1.0,1.0,2.0,1.0,475.0,6,0,0
2021-04-28 15:13:27,37.0,1.0,752.0,5.0,,3.0,,1.0,2.0,1.0,1.0,3.0,0.0,5.0,4.0,4.0,5.0,3.0,5.0,4.0,3.0,1.0,1.0,1.0,2.0,1.0,2.0,1.0,1.0,327.0,4,0,1
2021-04-28 15:55:25,23.0,1.0,250.0,5.0,,3.0,,1.0,2.0,1.0,1.0,3.0,3.0,5.0,5.0,4.0,5.0,2.0,5.0,5.0,4.0,1.0,1.0,1.0,2.0,1.0,1.0,2.0,1.0,508.0,6,0,1
2021-04-28 19:01:15,24.0,1.0,,5.0,,7.0,,1.0,2.0,1.0,1.0,2.0,,5.0,5.0,5.0,5.0,5.0,5.0,5.0,5.0,1.0,1.0,1.0,1.0,1.0,2.0,1.0,1.0,699.0,3,1,0
2021-04-28 19:35:43,26.0,1.0,56.0,6.0,,4.0,,8.0,2.0,1.0,1.0,1.0,,6.0,5.0,4.0,5.0,2.0,4.0,5.0,4.0,1.0,1.0,1.0,2.0,1.0,2.0,1.0,1.0,281.0,4,1,1
2021-04-28 19:40:56,25.0,2.0,752.0,4.0,,3.0,,3.0,2.0,1.0,1.0,1.0,5.0,5.0,5.0,4.0,5.0,4.0,5.0,5.0,4.0,1.0,1.0,2.0,2.0,2.0,2.0,2.0,1.0,353.0,7,1,1
2021-04-28 20:49:13,23.0,1.0,752.0,5.0,,3.0,,4.0,2.0,1.0,1.0,4.0,5.0,2.0,5.0,3.0,5.0,3.0,5.0,4.0,2.0,1.0,1.0,1.0,2.0,1.0,1.0,2.0,1.0,328.0,6,0,0
2021-04-28 21:03:56,24.0,1.0,752.0,1.0,,3.0,,5.0,2.0,1.0,2.0,2.0,1.0,3.0,1.0,1.0,4.0,3.0,2.0,4.0,3.0,1.0,1.0,1.0,1.0,1.0,2.0,1.0,1.0,426.0,3,1,0
2021-04-28 22:34:32,25.0,1.0,,6.0,,7.0,,1.0,2.0,1.0,1.0,3.0,9.0,4.0,4.0,4.0,4.0,3.0,3.0,4.0,4.0,1.0,1.0,1.0,2.0,1.0,1.0,1.0,1.0,165.0,5,0,1
2021-04-29 01:09:18,23.0,2.0,752.0,4.0,,3.0,,4.0,2.0,1.0,1.0,4.0,0.0,1.0,4.0,2.0,4.0,1.0,4.0,4.0,4.0,1.0,1.0,1.0,2.0,2.0,2.0,2.0,1.0,742.0,6,0,0
2021-04-29 01:34:56,19.0,2.0,752.0,4.0,,3.0,,12.0,2.0,1.0,1.0,1.0,0.0,5.0,4.0,3.0,2.0,1.0,3.0,4.0,3.0,1.0,1.0,1.0,2.0,1.0,2.0,2.0,1.0,784.0,5,1,1
2021-04-29 08:11:17,23.0,1.0,752.0,5.0,,3.0,,1.0,2.0,1.0,1.0,4.0,5.0,3.0,3.0,3.0,4.0,2.0,3.0,4.0,4.0,1.0,1.0,1.0,1.0,1.0,1.0,1.0,1.0,650.0,4,0,0
2021-04-29 08:55:58,24.0,2.0,276.0,5.0,,3.0,,5.0,2.0,1.0,1.0,2.0,8.0,3.0,5.0,4.0,5.0,5.0,5.0,5.0,4.0,1.0,1.0,1.0,2.0,1.0,2.0,2.0,1.0,562.0,5,1,0
2021-04-29 10:01:06,27.0,1.0,752.0,6.0,,3.0,,1.0,2.0,1.0,1.0,3.0,1.0,5.0,5.0,4.0,4.0,4.0,3.0,3.0,3.0,1.0,1.0,2.0,1.0,1.0,2.0,1.0,1.0,853.0,4,0,1
2021-04-29 10:22:14,26.0,2.0,276.0,5.0,,4.0,,7.0,2.0,1.0,1.0,2.0,10.0,4.0,5.0,4.0,5.0,3.0,5.0,3.0,3.0,1.0,1.0,1.0,2.0,2.0,1.0,2.0,1.0,569.0,7,1,0
2021-04-29 12:26:28,23.0,2.0,,5.0,,3.0,,2.0,2.0,1.0,1.0,1.0,10.0,6.0,5.0,4.0,5.0,4.0,5.0,5.0,4.0,1.0,1.0,1.0,2.0,1.0,2.0,2.0,1.0,456.0,5,1,1
2021-04-29 12:27:44,24.0,1.0,752.0,1.0,,3.0,,4.0,2.0,1.0,1.0,1.0,3.0,3.0,4.0,4.0,4.0,3.0,4.0,5.0,5.0,1.0,1.0,1.0,2.0,1.0,1.0,1.0,1.0,438.0,5,1,1
2021-04-29 17:53:53,27.0,2.0,818.0,5.0,,6.0,,12.0,2.0,1.0,1.0,4.0,10.0,3.0,4.0,3.0,5.0,4.0,4.0,3.0,3.0,1.0,1.0,1.0,1.0,1.0,2.0,1.0,1.0,709.0,3,0,0
2021-04-29 19:30:51,24.0,1.0,276.0,2.0,,4.0,,6.0,2.0,1.0,1.0,3.0,10.0,2.0,5.0,4.0,5.0,2.0,4.0,4.0,3.0,1.0,1.0,1.0,2.0,1.0,2.0,1.0,1.0,407.0,4,0,1
2021-04-29 20:17:55,50.0,1.0,276.0,4.0,,6.0,,12.0,2.0,1.0,1.0,3.0,7.0,5.0,4.0,3.0,5.0,1.0,5.0,4.0,4.0,1.0,1.0,1.0,2.0,1.0,1.0,2.0,1.0,1283.0,6,0,1
2021-04-29 20:32:33,30.0,1.0,124.0,5.0,,4.0,,12.0,2.0,1.0,1.0,4.0,,4.0,5.0,4.0,4.0,2.0,4.0,5.0,5.0,2.0,1.0,1.0,1.0,1.0,1.0,1.0,1.0,185.0,3,0,0
2021-04-29 23:14:03,22.0,2.0,752.0,4.0,,3.0,,1.0,2.0,1.0,1.0,2.0,9.0,5.0,3.0,2.0,5.0,2.0,5.0,4.0,3.0,1.0,1.0,1.0,2.0,2.0,1.0,2.0,1.0,580.0,7,1,0
2021-04-30 04:34:14,21.0,1.0,276.0,5.0,,5.0,,7.0,2.0,1.0,1.0,2.0,10.0,3.0,4.0,4.0,5.0,1.0,5.0,4.0,3.0,1.0,1.0,1.0,1.0,1.0,2.0,1.0,1.0,903.0,3,1,0
2021-04-30 06:23:16,24.0,,356.0,5.0,,4.0,,3.0,2.0,1.0,1.0,4.0,0.0,5.0,5.0,4.0,4.0,4.0,5.0,4.0,5.0,1.0,1.0,1.0,2.0,1.0,2.0,2.0,1.0,533.0,5,0,0
2021-04-30 07:51:24,22.0,1.0,276.0,4.0,,6.0,,4.0,2.0,1.0,2.0,3.0,5.0,2.0,2.0,4.0,5.0,2.0,5.0,5.0,5.0,1.0,1.0,2.0,1.0,2.0,2.0,2.0,1.0,742.0,6,0,1
2021-04-30 09:11:55,30.0,1.0,752.0,5.0,,7.0,,1.0,2.0,1.0,1.0,1.0,5.0,4.0,5.0,3.0,5.0,3.0,4.0,4.0,4.0,1.0,1.0,1.0,2.0,2.0,2.0,1.0,1.0,392.0,5,1,1
2021-04-30 14:37:44,21.0,1.0,752.0,4.0,,3.0,,12.0,2.0,1.0,1.0,4.0,1.0,1.0,5.0,5.0,5.0,3.0,5.0,5.0,4.0,1.0,1.0,2.0,1.0,2.0,2.0,1.0,1.0,672.0,5,0,0
2021-04-30 16:03:38,20.0,1.0,752.0,4.0,,3.0,,3.0,2.0,1.0,1.0,2.0,10.0,3.0,5.0,4.0,5.0,4.0,4.0,5.0,4.0,1.0,1.0,1.0,2.0,1.0,1.0,2.0,1.0,869.0,6,1,0
2021-04-30 17:51:10,24.0,2.0,356.0,5.0,,7.0,,12.0,2.0,1.0,1.0,3.0,3.0,2.0,5.0,5.0,4.0,3.0,4.0,4.0,4.0,1.0,1.0,1.0,1.0,1.0,1.0,1.0,1.0,517.0,4,0,1
2021-04-30 18:21:09,21.0,,276.0,4.0,,3.0,,7.0,2.0,1.0,1.0,1.0,10.0,3.0,5.0,4.0,4.0,2.0,4.0,4.0,2.0,1.0,1.0,1.0,2.0,1.0,1.0,1.0,1.0,568.0,5,1,1
2021-05-01 09:16:16,29.0,2.0,566.0,5.0,,4.0,,6.0,,1.0,1.0,2.0,,2.0,4.0,4.0,5.0,5.0,5.0,4.0,4.0,1.0,1.0,1.0,2.0,2.0,1.0,2.0,1.0,391.0,7,1,0
2021-05-01 11:45:43,47.0,2.0,752.0,3.0,,5.0,,10.0,2.0,1.0,1.0,3.0,10.0,3.0,4.0,4.0,4.0,2.0,4.0,4.0,4.0,1.0,1.0,1.0,2.0,2.0,1.0,2.0,1.0,554.0,7,0,1
2021-05-01 12:56:51,23.0,2.0,752.0,2.0,,3.0,,4.0,2.0,1.0,1.0,4.0,,3.0,5.0,3.0,3.0,3.0,4.0,3.0,3.0,1.0,1.0,1.0,2.0,2.0,2.0,1.0,1.0,823.0,5,0,0
2021-05-01 13:06:26,56.0,1.0,752.0,5.0,,4.0,,9.0,2.0,1.0,1.0,4.0,10.0,7.0,5.0,4.0,5.0,2.0,5.0,5.0,3.0,1.0,1.0,1.0,1.0,1.0,1.0,1.0,1.0,367.0,4,0,0
2021-05-01 15:39:53,44.0,1.0,752.0,6.0,,5.0,,9.0,2.0,1.0,1.0,2.0,5.0,5.0,4.0,3.0,5.0,3.0,5.0,4.0,4.0,1.0,1.0,1.0,2.0,1.0,2.0,2.0,1.0,826.0,5,1,0
2021-05-01 19:54:10,25.0,1.0,752.0,4.0,,3.0,,6.0,2.0,1.0,1.0,1.0,10.0,3.0,5.0,3.0,4.0,1.0,5.0,5.0,4.0,1.0,1.0,1.0,2.0,1.0,2.0,2.0,1.0,696.0,5,1,1
2021-05-01 21:37:38,19.0,1.0,752.0,2.0,,3.0,,5.0,2.0,1.0,1.0,3.0,8.0,6.0,5.0,2.0,4.0,2.0,3.0,3.0,3.0,1.0,1.0,1.0,2.0,1.0,2.0,2.0,1.0,739.0,5,0,1
2021-05-02 13:51:15,47.0,1.0,752.0,4.0,,4.0,,3.0,2.0,1.0,2.0,4.0,2.0,5.0,4.0,4.0,5.0,3.0,5.0,5.0,5.0,1.0,1.0,1.0,2.0,1.0,2.0,1.0,1.0,879.0,4,0,0
2021-05-02 14:44:37,51.0,1.0,752.0,6.0,,4.0,,11.0,2.0,1.0,1.0,3.0,10.0,5.0,4.0,3.0,3.0,2.0,4.0,4.0,4.0,1.0,1.0,1.0,2.0,2.0,2.0,1.0,1.0,438.0,5,0,1
2021-05-02 15:59:11,25.0,3.0,,7.0,,4.0,,12.0,2.0,1.0,2.0,1.0,9.0,2.0,5.0,5.0,5.0,3.0,4.0,5.0,4.0,1.0,1.0,1.0,2.0,1.0,2.0,2.0,1.0,420.0,5,1,1
2021-05-02 16:01:54,26.0,1.0,356.0,5.0,,4.0,,4.0,2.0,1.0,1.0,1.0,8.0,3.0,4.0,2.0,5.0,4.0,5.0,5.0,4.0,1.0,1.0,2.0,2.0,1.0,2.0,2.0,1.0,484.0,6,1,1
2021-05-02 17:05:22,29.0,2.0,276.0,6.0,,7.0,,1.0,2.0,1.0,1.0,3.0,10.0,5.0,2.0,2.0,5.0,5.0,5.0,5.0,5.0,1.0,1.0,1.0,2.0,1.0,2.0,1.0,1.0,502.0,4,0,1
2021-05-02 20:56:16,32.0,1.0,276.0,6.0,,3.0,,5.0,2.0,1.0,1.0,4.0,5.0,5.0,4.0,4.0,5.0,4.0,5.0,4.0,2.0,1.0,1.0,1.0,1.0,2.0,2.0,2.0,1.0,659.0,5,0,0
2021-05-02 21:20:51,24.0,1.0,348.0,5.0,,4.0,,4.0,2.0,1.0,1.0,2.0,10.0,2.0,5.0,5.0,4.0,3.0,4.0,5.0,5.0,1.0,1.0,1.0,2.0,2.0,2.0,2.0,1.0,395.0,6,1,0
2021-05-02 21:21:12,22.0,1.0,56.0,5.0,,3.0,,1.0,2.0,1.0,1.0,4.0,0.0,5.0,5.0,3.0,4.0,3.0,4.0,4.0,4.0,2.0,1.0,1.0,2.0,1.0,1.0,1.0,1.0,311.0,4,0,0
2021-05-02 21:25:27,27.0,1.0,276.0,5.0,,4.0,,6.0,2.0,1.0,1.0,2.0,,2.0,5.0,4.0,5.0,4.0,5.0,4.0,4.0,1.0,1.0,2.0,1.0,1.0,2.0,2.0,1.0,516.0,5,1,0
2021-05-02 21:36:05,24.0,1.0,276.0,5.0,,3.0,,3.0,2.0,1.0,3.0,1.0,2.0,3.0,3.0,3.0,2.0,2.0,5.0,1.0,1.0,1.0,1.0,1.0,1.0,1.0,2.0,1.0,1.0,438.0,3,1,1
2021-05-02 21:36:41,22.0,2.0,76.0,5.0,,3.0,,1.0,2.0,1.0,1.0,3.0,4.0,2.0,3.0,3.0,4.0,4.0,4.0,3.0,3.0,1.0,2.0,1.0,1.0,1.0,1.0,1.0,1.0,315.0,3,0,1
2021-05-02 21:52:00,18.0,1.0,276.0,4.0,,3.0,,3.0,2.0,1.0,1.0,4.0,0.0,3.0,4.0,2.0,5.0,3.0,5.0,5.0,2.0,1.0,1.0,1.0,2.0,2.0,2.0,2.0,1.0,688.0,6,0,0
2021-05-02 22:52:43,20.0,2.0,276.0,4.0,,3.0,,3.0,2.0,1.0,1.0,1.0,10.0,2.0,5.0,4.0,5.0,2.0,5.0,4.0,4.0,2.0,1.0,1.0,2.0,1.0,2.0,1.0,1.0,488.0,3,1,1
2021-05-02 23:14:13,54.0,2.0,752.0,6.0,,4.0,,11.0,2.0,1.0,2.0,3.0,10.0,5.0,2.0,4.0,4.0,2.0,4.0,4.0,4.0,1.0,1.0,1.0,2.0,1.0,1.0,1.0,1.0,564.0,5,0,1
2021-05-03 09:04:00,53.0,2.0,752.0,6.0,,4.0,,11.0,2.0,1.0,1.0,2.0,10.0,6.0,3.0,3.0,3.0,2.0,5.0,4.0,3.0,1.0,1.0,1.0,2.0,2.0,1.0,1.0,1.0,393.0,6,1,0
2021-05-03 09:07:06,26.0,2.0,752.0,5.0,,6.0,,5.0,2.0,1.0,1.0,2.0,0.0,1.0,5.0,3.0,4.0,2.0,4.0,5.0,5.0,1.0,1.0,1.0,2.0,1.0,2.0,2.0,1.0,557.0,5,1,0
2021-05-03 11:27:52,25.0,1.0,276.0,4.0,,3.0,,1.0,2.0,1.0,2.0,1.0,10.0,5.0,5.0,4.0,5.0,4.0,5.0,5.0,5.0,1.0,1.0,1.0,1.0,1.0,2.0,2.0,1.0,384.0,4,1,1
2021-05-03 17:07:05,26.0,1.0,380.0,6.0,,3.0,,3.0,2.0,1.0,1.0,4.0,10.0,2.0,4.0,4.0,4.0,3.0,4.0,3.0,2.0,2.0,1.0,2.0,1.0,2.0,1.0,2.0,1.0,245.0,6,0,0
